estimator,estimate,lower,upper,seconds,instrument,rep
Naive difference in means,3.3468313390228603,3.0379260919711855,3.655736586074535,0.0,0.0,1
One-step (AIPW),2.033358157788902,1.8966607734779661,2.170055542099838,20.903183937072754,0.0,1
TMLE (unweighted),2.0339688620253886,1.8974313518525623,2.170506372198215,3.3202269077301025,0.0,1
TMLE (weighted),2.0334459067059925,1.8967898063038524,2.1701020071081327,0.023974895477294922,0.0,1
C-TMLE (greedy),2.0520388162612724,1.922367288269879,2.1817103442526657,212.26377511024475,0.0,1
C-TMLE (adaptive correlation),2.0418368333173182,1.907536214590533,2.1761374520441032,49.00544095039368,0.0,1
Oracle TMLE,2.0332456398758274,1.8966909007622137,2.169800378989441,0.0047261714935302734,0.0,1
Naive difference in means,3.1998539473055665,2.8841251543087076,3.5155827403024253,0.0,0.0,2
One-step (AIPW),1.9078136981811467,1.7736280910633515,2.041999305298942,0.0038840770721435547,0.0,2
TMLE (unweighted),1.9077738502072443,1.7736203593359923,2.0419273410784964,0.005415916442871094,0.0,2
TMLE (weighted),1.90781464533179,1.7736356254186554,2.0419936652449246,0.005549907684326172,0.0,2
C-TMLE (greedy),1.907414514483551,1.7795073680214886,2.0353216609456135,173.60250782966614,0.0,2
C-TMLE (adaptive correlation),1.9128272847368655,1.7879031627223567,2.037751406751374,18.279786109924316,0.0,2
Oracle TMLE,1.9208797831844877,1.7877155992106806,2.054043967158295,0.00410914421081543,0.0,2
Naive difference in means,3.1933277565695652,2.872184890076033,3.5144706230630973,0.0,0.0,3
One-step (AIPW),2.0148385389513197,1.8723076000687215,2.157369477833918,0.0036699771881103516,0.0,3
TMLE (unweighted),2.0152352631133685,1.8728149054877363,2.1576556207390007,0.004403829574584961,0.0,3
TMLE (weighted),2.0148857263944167,1.8723776557720333,2.1573937970168,0.0042078495025634766,0.0,3
C-TMLE (greedy),1.9777055683723501,1.8487650646612999,2.1066460720834006,134.1554470062256,0.0,3
C-TMLE (adaptive correlation),1.996360860721203,1.8713067762892832,2.1214149451531226,19.64524483680725,0.0,3
Oracle TMLE,2.008102417315828,1.8663721959831465,2.1498326386485096,0.005699872970581055,0.0,3
Naive difference in means,3.300301676863707,2.982142916163642,3.618460437563772,0.0,0.0,4
One-step (AIPW),1.9916583542393536,1.857076987871452,2.126239720607255,0.00454401969909668,0.0,4
TMLE (unweighted),1.9916134528542064,1.857443137781309,2.125783767927104,0.006739139556884766,0.0,4
TMLE (weighted),1.9916502403768277,1.8571347987823033,2.126165681971352,0.0060160160064697266,0.0,4
C-TMLE (greedy),2.021226933005088,1.8931774389259688,2.1492764270842066,61.02395677566528,0.0,4
C-TMLE (adaptive correlation),2.0136825801836182,1.8854633789667106,2.141901781400526,10.773473024368286,0.0,4
Oracle TMLE,2.0010516985154947,1.8655074401265646,2.136595956904425,0.004272937774658203,0.0,4
Naive difference in means,3.021297922531198,2.7031315177251947,3.3394643273372018,0.0,0.0,5
One-step (AIPW),2.1031495312310087,1.9699760904256025,2.236322972036415,20.90320086479187,0.0,5
TMLE (unweighted),2.103083863027161,1.97015839781933,2.236009328234992,3.320241928100586,0.0,5
TMLE (weighted),2.103152846393004,1.9700178447292185,2.236287848056789,0.023998022079467773,0.0,5
C-TMLE (greedy),2.101438272168992,1.9742516605365763,2.228624883801408,150.18234491348267,0.0,5
C-TMLE (adaptive correlation),2.103152846393004,1.9700178447292185,2.236287848056789,50.553385972976685,0.0,5
Oracle TMLE,2.1036296011514284,1.9716342714580533,2.2356249308448035,6.721283912658691,0.0,5
Naive difference in means,3.369486881759356,3.035855884613415,3.7031178789052968,0.0,0.0,6
One-step (AIPW),1.9454914587373966,1.813049156012379,2.0779337614624143,0.0043370723724365234,0.0,6
TMLE (unweighted),1.9454063380700217,1.8129943837230502,2.0778182924169935,0.005232095718383789,0.0,6
TMLE (weighted),1.9454842207641843,1.813046527673214,2.0779219138551546,0.00516200065612793,0.0,6
C-TMLE (greedy),1.9431075925039416,1.82229640062004,2.0639187843878433,222.5443639755249,0.0,6
C-TMLE (adaptive correlation),1.9421077779680396,1.8214765981744212,2.062738957761658,21.98214101791382,0.0,6
Oracle TMLE,1.940975287283919,1.8036861600330352,2.078264414534803,0.0044629573822021484,0.0,6
Naive difference in means,3.4495723544737826,3.12482971735114,3.7743149915964254,0.0,0.0,7
One-step (AIPW),2.039671283491623,1.8823426928118099,2.1969998741714356,0.0038089752197265625,0.0,7
TMLE (unweighted),2.040320067559238,1.8831104979033098,2.1975296372151663,0.004925966262817383,0.0,7
TMLE (weighted),2.0397261618928413,1.8824852090325244,2.196967114753158,0.004778146743774414,0.0,7
C-TMLE (greedy),2.059881944445605,1.9258844321734947,2.1938794567177156,57.09073090553284,0.0,7
C-TMLE (adaptive correlation),2.0397261618928413,1.8824852090325244,2.196967114753158,42.65296506881714,0.0,7
Oracle TMLE,2.0585533166687715,1.9050689400517082,2.212037693285835,0.004633188247680664,0.0,7
Naive difference in means,3.387131852247984,3.0804570172964794,3.6938066871994883,0.0,0.0,8
One-step (AIPW),2.034978810024998,1.8995186999707754,2.1704389200792207,23.60715413093567,0.0,8
TMLE (unweighted),2.035098952682724,1.899643715006495,2.1705541903589527,3.320225954055786,0.0,8
TMLE (weighted),2.034981732625571,1.8995276411052364,2.1704358241459056,0.02388286590576172,0.0,8
C-TMLE (greedy),2.034981732625572,1.8995276411052373,2.1704358241459065,200.25240898132324,0.0,8
C-TMLE (adaptive correlation),2.0398517474905313,1.9032806508359863,2.176422844145076,24.34127712249756,0.0,8
Oracle TMLE,2.0438181425624355,1.9075357462662845,2.1801005388585866,0.004868984222412109,0.0,8
Naive difference in means,3.2855548192323605,2.958317670740247,3.612791967724474,0.0,0.0,9
One-step (AIPW),2.050757525360133,1.9050899410294904,2.1964251096907756,0.003512859344482422,0.0,9
TMLE (unweighted),2.05078424486065,1.9052640242692398,2.1963044654520605,0.004258871078491211,0.0,9
TMLE (weighted),2.0507562380811284,1.9051170828556634,2.1963953933065934,0.004128932952880859,0.0,9
C-TMLE (greedy),2.0649625518628114,1.932244175477019,2.197680928248604,111.0788221359253,0.0,9
C-TMLE (adaptive correlation),2.063861106098969,1.935322117013895,2.192400095184043,22.619389057159424,0.0,9
Oracle TMLE,2.0546254508672543,1.9117405868162325,2.197510314918276,0.00562596321105957,0.0,9
Naive difference in means,3.2588211074782594,2.933971303653923,3.5836709113025957,0.0,0.0,10
One-step (AIPW),1.956413405198924,1.8090166053687413,2.1038102050291063,0.0039539337158203125,0.0,10
TMLE (unweighted),1.9556592734754297,1.8085198173940538,2.1027987295568056,0.005671977996826172,0.0,10
TMLE (weighted),1.9563320680017782,1.808973022482932,2.1036911135206244,0.15182995796203613,0.0,10
C-TMLE (greedy),1.9409711721962495,1.8124550447280483,2.0694872996644507,147.16505908966064,0.0,10
C-TMLE (adaptive correlation),1.9469993946540234,1.8256359425673003,2.0683628467407464,30.87033200263977,0.0,10
Oracle TMLE,1.9571624869534412,1.8144652834094255,2.099859690497457,0.0047969818115234375,0.0,10
Naive difference in means,2.9849078910268165,2.653031899046202,3.316783883007431,0.0,0.0,11
One-step (AIPW),1.9072921015116906,1.771471215196863,2.043112987826518,23.607184886932373,0.0,11
TMLE (unweighted),1.9073553517089965,1.7715398593253073,2.043170844092686,3.3201701641082764,0.0,11
TMLE (weighted),1.9072990004608674,1.7714795325286787,2.043118468393056,0.023916006088256836,0.0,11
C-TMLE (greedy),1.9072990004608674,1.7714795325286787,2.043118468393056,255.32839918136597,0.0,11
C-TMLE (adaptive correlation),1.908581257817399,1.7799956310490193,2.037166884585779,11.946811199188232,0.0,11
Oracle TMLE,1.9013031057223753,1.7656914684238512,2.0369147430208994,0.005602836608886719,0.0,11
Naive difference in means,3.280729287831091,2.970538547469521,3.5909200281926608,0.0,0.0,12
One-step (AIPW),2.0270642549410893,1.8903036419128714,2.163824867969307,0.003741025924682617,0.0,12
TMLE (unweighted),2.0267135009158763,1.8900197255265778,2.163407276305175,0.0042498111724853516,0.0,12
TMLE (weighted),2.0270440376790173,1.890306956216997,2.1637811191410377,0.004024982452392578,0.0,12
C-TMLE (greedy),2.0270440376790173,1.890306956216997,2.1637811191410377,226.0410761833191,0.0,12
C-TMLE (adaptive correlation),2.0424133114923757,1.9163101420916202,2.168516480893131,27.018615007400513,0.0,12
Oracle TMLE,2.021644437430572,1.8854641450703327,2.157824729790811,0.004362821578979492,0.0,12
Naive difference in means,3.0483132978882708,2.7254708649336687,3.371155730842873,0.0,0.0,13
One-step (AIPW),1.8860283268550484,1.7573116213592144,2.0147450323508824,0.003926992416381836,0.0,13
TMLE (unweighted),1.8855195198646817,1.756970077994673,2.0140689617346905,0.0051250457763671875,0.0,13
TMLE (weighted),1.8859661377173411,1.75729718670189,2.0146350887327924,0.0049359798431396484,0.0,13
C-TMLE (greedy),1.9026594520852527,1.780559651282831,2.0247592528876743,71.47000479698181,0.0,13
C-TMLE (adaptive correlation),1.9067082545758391,1.78504661207368,2.028369897077998,26.152626991271973,0.0,13
Oracle TMLE,1.8980817889294013,1.7707202916915845,2.025443286167218,0.004709959030151367,0.0,13
Naive difference in means,3.342574642538367,3.0213141988892525,3.6638350861874813,0.0,0.0,14
One-step (AIPW),1.9800648670609224,1.8452553769122981,2.1148743572095468,23.607033014297485,0.0,14
TMLE (unweighted),1.980137634118011,1.8453276961699032,2.114947572066119,3.320236921310425,0.0,14
TMLE (weighted),1.9800740806839987,1.8452654524249015,2.114882708943096,0.023877859115600586,0.0,14
C-TMLE (greedy),1.9726993029576734,1.8489039631409974,2.0964946427743496,288.87232398986816,0.0,14
C-TMLE (adaptive correlation),1.9769027210426848,1.8566472129873153,2.0971582290980546,20.950993061065674,0.0,14
Oracle TMLE,1.974369048864936,1.8395308848881853,2.1092072128416866,0.004333972930908203,0.0,14
Naive difference in means,3.599632206308059,3.2869059821714934,3.912358430444624,0.0,0.0,15
One-step (AIPW),2.021569989647975,1.8795341331815134,2.1636058461144367,0.002919912338256836,0.0,15
TMLE (unweighted),2.0210748067791244,1.8793705054726513,2.162779108085598,0.004642963409423828,0.0,15
TMLE (weighted),2.0215774868778302,1.8796135895251165,2.163541384230544,0.004456043243408203,0.0,15
C-TMLE (greedy),2.020983104707526,1.8799918526477801,2.1619743567672716,243.9857850074768,0.0,15
C-TMLE (adaptive correlation),2.0410711819294325,1.9163497499207616,2.1657926139381036,11.112908840179443,0.0,15
Oracle TMLE,2.0172068616997834,1.8755057152730905,2.158908008126476,0.004383087158203125,0.0,15
Naive difference in means,3.2271529818582607,2.9129623816191166,3.541343582097405,0.0,0.0,16
One-step (AIPW),2.056499706639868,1.9121177446724724,2.2008816686072636,0.004769086837768555,0.0,16
TMLE (unweighted),2.057178687364668,1.9130096237889205,2.2013477509404153,0.005179882049560547,0.0,16
TMLE (weighted),2.05658756798641,1.9122498306775284,2.200925305295291,0.004700899124145508,0.0,16
C-TMLE (greedy),2.0548594951388854,1.9186289314291163,2.1910900588486544,72.61237406730652,0.0,16
C-TMLE (adaptive correlation),2.071972964142444,1.9375481292416794,2.2063977990432084,15.436303853988647,0.0,16
Oracle TMLE,2.051577208076734,1.90888654618458,2.194267869968888,0.0051229000091552734,0.0,16
Naive difference in means,3.279275089246112,2.9681643485309244,3.5903858299612996,0.0,0.0,17
One-step (AIPW),2.051691466480748,1.898388621719605,2.204994311241891,21.14900016784668,0.0,17
TMLE (unweighted),2.0526518359273123,1.9010210392282096,2.204282632626415,3.07433819770813,0.0,17
TMLE (weighted),2.051803354444524,1.8987528552240995,2.2048538536649485,0.023814916610717773,0.0,17
C-TMLE (greedy),2.047187989053127,1.8946579563383343,2.1997180217679198,247.13327312469482,0.0,17
C-TMLE (adaptive correlation),2.0521850086350644,1.8993114048766755,2.2050586123934535,29.89300799369812,0.0,17
Oracle TMLE,2.04264535080118,1.8959327361979863,2.1893579654043736,0.004205942153930664,0.0,17
Naive difference in means,3.333052103109577,3.013162232865403,3.6529419733537507,0.0,0.0,18
One-step (AIPW),2.09399773005672,1.9605106022683918,2.227484857845048,0.002947092056274414,0.0,18
TMLE (unweighted),2.0940103506197305,1.960514537477954,2.227506163761507,0.004248142242431641,0.0,18
TMLE (weighted),2.0939962055944235,1.9605078515796277,2.227484559609219,0.004102945327758789,0.0,18
C-TMLE (greedy),2.0880202595352637,1.9599308133903373,2.21610970568019,114.87990713119507,0.0,18
C-TMLE (adaptive correlation),2.090850251480986,1.9651086046109496,2.216591898351022,29.01174807548523,0.0,18
Oracle TMLE,2.0798331122308715,1.944536344316701,2.215129880145042,0.004791975021362305,0.0,18
Naive difference in means,3.7091665157255393,3.392253873875979,4.0260791575751,0.0,0.0,19
One-step (AIPW),2.0498221582609473,1.8943192020165183,2.2053251145053765,0.003592967987060547,0.0,19
TMLE (unweighted),2.053966487461627,1.9003248726037074,2.2076081023195466,0.0050678253173828125,0.0,19
TMLE (weighted),2.0503739436767767,1.895183842380621,2.2055640449729323,0.004987955093383789,0.0,19
C-TMLE (greedy),2.0899394333345613,1.9625406451353222,2.2173382215338004,128.45019388198853,0.0,19
C-TMLE (adaptive correlation),2.0856380701239905,1.963318830595813,2.2079573096521683,17.99985694885254,0.0,19
Oracle TMLE,2.0614792984869226,1.9111983666965293,2.211760230277316,0.0040400028228759766,0.0,19
Naive difference in means,3.1169316721438016,2.797077099120968,3.436786245166635,0.0,0.0,20
One-step (AIPW),2.0514453525824843,1.922652512929533,2.1802381922354357,23.852967023849487,0.0,20
TMLE (unweighted),2.051501314434446,1.9227144332479618,2.18028819562093,3.07436203956604,0.0,20
TMLE (weighted),2.051454425764376,1.9226650639780236,2.180243787550728,0.02443695068359375,0.0,20
C-TMLE (greedy),2.028268436825329,1.902574604466293,2.153962269184365,295.5470371246338,0.0,20
C-TMLE (adaptive correlation),2.0339984246622502,1.906609061726937,2.1613877875975636,52.28092885017395,0.0,20
Oracle TMLE,2.0552453024480135,1.928752701925195,2.181737902970832,0.0045359134674072266,0.0,20
Naive difference in means,3.4144269615047973,3.0916297282133445,3.73722419479625,0.0,0.0,21
One-step (AIPW),2.0885580192212863,1.9496242128151495,2.227491825627423,0.0035169124603271484,0.0,21
TMLE (unweighted),2.088491993781849,1.9501262287888594,2.226857758774839,0.005145072937011719,0.0,21
TMLE (weighted),2.0885506728550918,1.9497480396255282,2.2273533060846553,0.004979848861694336,0.0,21
C-TMLE (greedy),2.059310123126912,1.9368060431238017,2.1818142031300227,225.25323796272278,0.0,21
C-TMLE (adaptive correlation),2.069184092090944,1.9447512226071344,2.1936169615747536,12.938447952270508,0.0,21
Oracle TMLE,2.0816674444839296,1.9449268731025569,2.218408015865302,0.004024028778076172,0.0,21
Naive difference in means,3.267859601507986,2.9573720348188655,3.578347168197107,0.0,0.0,22
One-step (AIPW),2.098830116938703,1.9567282891563684,2.240931944721038,0.003145933151245117,0.0,22
TMLE (unweighted),2.0989308898536896,1.9569045729784031,2.240957206728976,0.004128932952880859,0.0,22
TMLE (weighted),2.0988447524909835,1.9567559561239651,2.240933548858002,0.00391697883605957,0.0,22
C-TMLE (greedy),2.0900368345622407,1.94599209897468,2.2340815701498014,53.614964962005615,0.0,22
C-TMLE (adaptive correlation),2.0952868533125,1.957447297520456,2.233126409104544,12.149535894393921,0.0,22
Oracle TMLE,2.0941997436023114,1.9522130123108115,2.2361864748938114,0.0038950443267822266,0.0,22
Naive difference in means,3.234444485564313,2.9158918241283933,3.552997147000233,0.0,0.0,23
One-step (AIPW),2.0505509040918333,1.91273816851362,2.1883636396700465,21.14891791343689,0.0,23
TMLE (unweighted),2.050657974254574,1.9128471233910604,2.188468825118088,3.0743370056152344,0.0,23
TMLE (weighted),2.0505551384130185,1.9127441055784258,2.188366171247611,0.02382683753967285,0.0,23
C-TMLE (greedy),2.0568293512633957,1.9227379222143317,2.1909207803124597,292.8806080818176,0.0,23
C-TMLE (adaptive correlation),2.0545697971690946,1.9211343792509918,2.1880052150871974,23.73684310913086,0.0,23
Oracle TMLE,2.049433661580814,1.9120028142676175,2.186864508894011,0.004621982574462891,0.0,23
Naive difference in means,3.2854761861603428,2.9730415870919327,3.597910785228753,0.0,0.0,24
One-step (AIPW),2.0074318966584617,1.8682278637260594,2.1466359295908637,0.0038220882415771484,0.0,24
TMLE (unweighted),2.0075381636501115,1.8684315407076064,2.1466447865926166,0.005103111267089844,0.0,24
TMLE (weighted),2.0074519243986657,1.8682834994068354,2.146620349390496,0.004888057708740234,0.0,24
C-TMLE (greedy),2.0482881048643384,1.915059058253993,2.181517151474684,208.27813601493835,0.0,24
C-TMLE (adaptive correlation),2.0264709875748665,1.9015315255209706,2.1514104496287625,26.291215896606445,0.0,24
Oracle TMLE,2.002670387946138,1.8638266371020413,2.141514138790235,0.004945993423461914,0.0,24
Naive difference in means,3.4802914333231487,3.1616101992304952,3.798972667415802,0.0,0.0,25
One-step (AIPW),2.048590267008491,1.9050633070896754,2.1921172269273064,0.003930091857910156,0.0,25
TMLE (unweighted),2.048505955045725,1.904971460362527,2.1920404497289234,0.005593061447143555,0.0,25
TMLE (weighted),2.0485826272696115,1.9050546351532949,2.1921106193859283,0.005455970764160156,0.0,25
C-TMLE (greedy),2.0485826272696115,1.9050546351532949,2.1921106193859283,132.84822607040405,0.0,25
C-TMLE (adaptive correlation),2.0485826272696115,1.9050546351532949,2.1921106193859283,8.254963159561157,0.0,25
Oracle TMLE,2.04481748924669,1.90944597030829,2.18018900818509,0.0048291683197021484,0.0,25
Naive difference in means,3.3315253134500256,3.0143881377423356,3.6486624891577155,0.0,0.0,26
One-step (AIPW),1.97906712700306,1.842345437886183,2.115788816119937,23.062371969223022,0.0,26
TMLE (unweighted),1.9789037993574317,1.842175103765626,2.1156324949492373,3.8103389739990234,0.0,26
TMLE (weighted),1.979047140779985,1.8423245139392634,2.115769767620707,0.009690046310424805,0.0,26
C-TMLE (greedy),1.987630168738186,1.8524151929784518,2.12284514449792,144.16993594169617,0.0,26
C-TMLE (adaptive correlation),1.9832294944766913,1.8509723531256808,2.115486635827702,27.523426055908203,0.0,26
Oracle TMLE,1.9900606658076418,1.854458114225914,2.12566321738937,3.982163190841675,0.0,26
Naive difference in means,3.525641954345296,3.206145250662868,3.845138658027724,0.0,0.0,27
One-step (AIPW),2.0348411916935447,1.8895078356929171,2.1801745476941723,0.00442194938659668,0.0,27
TMLE (unweighted),2.03476280905645,1.889460432355504,2.180065185757396,0.0051059722900390625,0.0,27
TMLE (weighted),2.034813660747363,1.8895822482819502,2.180045073212775,0.0047359466552734375,0.0,27
C-TMLE (greedy),2.0250252286385466,1.8760592248119008,2.1739912324651924,41.49751400947571,0.0,27
C-TMLE (adaptive correlation),1.9962151766986138,1.8695279327117662,2.1229024206854614,13.487787961959839,0.0,27
Oracle TMLE,2.032549794377017,1.889311997627058,2.175787591126976,0.004770040512084961,0.0,27
Naive difference in means,3.073463379033305,2.7510488596525002,3.39587789841411,0.0,0.0,28
One-step (AIPW),1.9120614473884514,1.776975776857789,2.047147117919114,0.0031681060791015625,0.0,28
TMLE (unweighted),1.910864145220524,1.7763788364701305,2.045349453970917,0.00458216667175293,0.0,28
TMLE (weighted),1.9119103719601565,1.7769594475594814,2.0468612963608317,0.004472970962524414,0.0,28
C-TMLE (greedy),1.8816544909374433,1.7544508349168846,2.0088581469580022,184.2020969390869,0.0,28
C-TMLE (adaptive correlation),1.8817199088399854,1.757670801209858,2.0057690164701127,8.25036096572876,0.0,28
Oracle TMLE,1.905355587008502,1.7714738073700083,2.0392373666469954,0.004101991653442383,0.0,28
Naive difference in means,3.1348449272384946,2.813263351718616,3.456426502758373,0.0,0.0,29
One-step (AIPW),1.8665906777599617,1.738301799521464,1.9948795559984593,0.0031549930572509766,0.0,29
TMLE (unweighted),1.866285182859795,1.7380151353601345,1.9945552303594556,0.0047380924224853516,0.0,29
TMLE (weighted),1.866565939861678,1.7382845878579007,1.9948472918654554,0.004578113555908203,0.0,29
C-TMLE (greedy),1.8802229345710024,1.757307526295515,2.0031383428464897,70.92863512039185,0.0,29
C-TMLE (adaptive correlation),1.8620592704565542,1.7343904531133203,1.989728087799788,27.79195499420166,0.0,29
Oracle TMLE,1.8778404218755682,1.7506223209794995,2.0050585227716367,0.0043790340423583984,0.0,29
Naive difference in means,3.42915159605598,3.109305793875473,3.7489973982364875,0.0,0.0,30
One-step (AIPW),1.9418753020621586,1.8089740897550257,2.0747765143692916,21.05814504623413,0.0,30
TMLE (unweighted),1.9423700162996458,1.809485790632674,2.0752542419666176,3.8103740215301514,0.0,30
TMLE (weighted),1.9419355935026206,1.8090394590825756,2.074831727922666,0.009397029876708984,0.0,30
C-TMLE (greedy),1.9563757948632614,1.8255103009572855,2.087241288769237,258.1891350746155,0.0,30
C-TMLE (adaptive correlation),1.9316486461697928,1.8074825417495732,2.055814750590012,41.903539180755615,0.0,30
Oracle TMLE,1.955732789629487,1.8210942097535405,2.0903713695054336,0.004884958267211914,0.0,30
Naive difference in means,3.053584090774862,2.731422643386891,3.375745538162833,0.0,0.0,31
One-step (AIPW),1.9667593564815753,1.82706907568936,2.1064496372737906,0.14390087127685547,0.0,31
TMLE (unweighted),1.967005303525376,1.827837416434806,2.106173190615946,0.005349874496459961,0.0,31
TMLE (weighted),1.9667649459666028,1.8272129819932783,2.106316909939927,0.004590034484863281,0.0,31
C-TMLE (greedy),1.9666296951707942,1.8265118936823939,2.1067474966591946,84.65964913368225,0.0,31
C-TMLE (adaptive correlation),1.947696666830702,1.8177113503815197,2.0776819832798847,35.23219084739685,0.0,31
Oracle TMLE,1.9617348365907297,1.8236271914759374,2.099842481705522,0.0042040348052978516,0.0,31
Naive difference in means,3.1407023446796836,2.820151122485373,3.461253566873994,0.0,0.0,32
One-step (AIPW),1.8477625997693712,1.7171326737098056,1.9783925258289368,0.002908945083618164,0.0,32
TMLE (unweighted),1.8477534577604176,1.7171250978980197,1.9783818176228154,0.004377841949462891,0.0,32
TMLE (weighted),1.8477615436160948,1.7171318612610076,1.978391225971182,0.004236936569213867,0.0,32
C-TMLE (greedy),1.8299532317616805,1.7050694732415232,1.9548369902818377,83.7034158706665,0.0,32
C-TMLE (adaptive correlation),1.849174034272104,1.71849510268987,1.9798529658543378,12.667516946792603,0.0,32
Oracle TMLE,1.8414260161378484,1.7112343404958004,1.9716176917798964,0.00415492057800293,0.0,32
Naive difference in means,3.220829783045054,2.9028107783939623,3.5388487876961454,0.0,0.0,33
One-step (AIPW),1.9420850089397679,1.8024125190863707,2.081757498793165,23.062094926834106,0.0,33
TMLE (unweighted),1.9417463267652262,1.8022767243983138,2.0812159291321386,3.8103718757629395,0.0,33
TMLE (weighted),1.9420501899477134,1.8024349356162608,2.081665444279166,0.009391069412231445,0.0,33
C-TMLE (greedy),1.9498769637184745,1.819735065385535,2.080018862051414,131.8859829902649,0.0,33
C-TMLE (adaptive correlation),1.9420501899477134,1.8024349356162608,2.081665444279166,48.268579959869385,0.0,33
Oracle TMLE,1.9389357570777868,1.7991514991858883,2.078720014969685,0.004934072494506836,0.0,33
Naive difference in means,3.385877218758141,3.075145592543847,3.6966088449724355,0.0,0.0,34
One-step (AIPW),1.957106535862078,1.8047434781159575,2.1094695936081984,0.0034379959106445312,0.0,34
TMLE (unweighted),1.9571202005484152,1.8047728561111582,2.109467544985672,0.005023956298828125,0.0,34
TMLE (weighted),1.9571085488510727,1.804746830033614,2.1094702676685313,0.0048711299896240234,0.0,34
C-TMLE (greedy),1.9753771745772302,1.847360520781932,2.1033938283725284,134.30720710754395,0.0,34
C-TMLE (adaptive correlation),1.9604351496272048,1.8281505300654275,2.092719769188982,24.548449993133545,0.0,34
Oracle TMLE,1.9308699581195528,1.7777215386422756,2.08401837759683,0.004145145416259766,0.0,34
Naive difference in means,3.121741082568127,2.8080717684239818,3.4354103967122724,0.0,0.0,35
One-step (AIPW),1.9862456087934068,1.8506719295222436,2.1218192880645703,0.002749919891357422,0.0,35
TMLE (unweighted),1.9862752617815738,1.850909858746867,2.1216406648162804,0.004102945327758789,0.0,35
TMLE (weighted),1.9862236233468888,1.8506777542239743,2.1217694924698036,0.00403594970703125,0.0,35
C-TMLE (greedy),1.9797933836018953,1.845072370590609,2.1145143966131816,129.19899797439575,0.0,35
C-TMLE (adaptive correlation),1.996296313132034,1.8733439380194625,2.1192486882446055,12.927880048751831,0.0,35
Oracle TMLE,1.9956526041337956,1.8575210209751802,2.133784187292411,0.0040318965911865234,0.0,35
Naive difference in means,3.133747372589277,2.8076691670882967,3.459825578090257,0.0,0.0,36
One-step (AIPW),2.0389640903934922,1.8906879314138911,2.1872402493730934,23.062251091003418,0.0,36
TMLE (unweighted),2.037590170359136,1.8898763145836304,2.1853040261346415,3.810270071029663,0.0,36
TMLE (weighted),2.0387338097009993,1.89061225249203,2.1868553669099686,0.009614944458007812,0.0,36
C-TMLE (greedy),1.9969497182646454,1.8754307952520348,2.118468641277256,306.6403810977936,0.0,36
C-TMLE (adaptive correlation),2.0013628115926703,1.8671890840115184,2.135536539173822,51.32283282279968,0.0,36
Oracle TMLE,2.0372323172041558,1.8929811439488549,2.1814834904594567,0.006273031234741211,0.0,36
Naive difference in means,3.1046742468645854,2.7800179264495712,3.4293305672795995,0.0,0.0,37
One-step (AIPW),2.037943251910406,1.908150480296255,2.167736023524557,0.0047969818115234375,0.0,37
TMLE (unweighted),2.037884599754249,1.9081035229544576,2.1676656765540403,0.0071680545806884766,0.0,37
TMLE (weighted),2.0379372663184396,1.9081475490830977,2.1677269835537816,0.007218122482299805,0.0,37
C-TMLE (greedy),2.0437654252919373,1.9230992908777396,2.164431559706135,190.26363897323608,0.0,37
C-TMLE (adaptive correlation),2.041002135784119,1.9222456583141578,2.1597586132540796,12.868566036224365,0.0,37
Oracle TMLE,2.0379624336556805,1.908770585149776,2.1671542821615852,0.005913972854614258,0.0,37
Naive difference in means,3.2045974582655856,2.8942634770649174,3.514931439466254,0.0,0.0,38
One-step (AIPW),1.9963034021637103,1.8605140463921481,2.1320927579352724,0.004670143127441406,0.0,38
TMLE (unweighted),1.995025238453204,1.8601386891741694,2.1299117877322384,0.006707906723022461,0.0,38
TMLE (weighted),1.996132385266094,1.8605789380180058,2.131685832514182,0.006926059722900391,0.0,38
C-TMLE (greedy),1.9860131739873241,1.856745820804256,2.1152805271703925,81.4741370677948,0.0,38
C-TMLE (adaptive correlation),1.9601172395740236,1.8375952367158934,2.082639242432154,13.094388961791992,0.0,38
Oracle TMLE,1.9902903999079562,1.8544491624956065,2.126131637320306,0.00518488883972168,0.0,38
Naive difference in means,3.298525577031419,2.9736221518785424,3.623429002184295,0.0,0.0,39
One-step (AIPW),1.9767561772677338,1.8477084973673408,2.1058038571681266,23.062076091766357,0.0,39
TMLE (unweighted),1.9770875902781853,1.8480923848489639,2.1060827957074064,3.8103749752044678,0.0,39
TMLE (weighted),1.9767887294876094,1.8477548265348618,2.1058226324403573,0.009395122528076172,0.0,39
C-TMLE (greedy),1.985586204114327,1.8578071226957837,2.11336528553287,186.76617312431335,0.0,39
C-TMLE (adaptive correlation),1.9677253134899646,1.846223987207398,2.089226639772531,34.79347610473633,0.0,39
Oracle TMLE,1.9896233891665678,1.8621646255163384,2.117082152816797,0.005084991455078125,0.0,39
Naive difference in means,3.5467983894573063,3.22208560498437,3.8715111739302426,0.0,0.0,40
One-step (AIPW),2.0425263172420594,1.9071152751849372,2.1779373592991815,0.003962039947509766,0.0,40
TMLE (unweighted),2.0416518679218503,1.9062841565073287,2.177019579336372,0.005527973175048828,0.0,40
TMLE (weighted),2.0424382416975795,1.907039865973661,2.177836617421498,0.005373954772949219,0.0,40
C-TMLE (greedy),2.0543236442623245,1.929338299689493,2.179308988835156,132.90215682983398,0.0,40
C-TMLE (adaptive correlation),2.054081517497253,1.9289635701936076,2.1791994648008988,13.413958072662354,0.0,40
Oracle TMLE,2.0459894041407978,1.9105010673200813,2.1814777409615145,0.00459599494934082,0.0,40
Naive difference in means,3.3272180033335594,2.997125790199886,3.657310216467233,0.0,0.0,41
One-step (AIPW),2.006220023170131,1.8679347176771284,2.1445053286631337,0.0033550262451171875,0.0,41
TMLE (unweighted),2.0063303911634143,1.868081904913573,2.1445788774132555,0.004932880401611328,0.0,41
TMLE (weighted),2.0062340560883016,1.8679545588458355,2.1445135533307678,0.004686832427978516,0.0,41
C-TMLE (greedy),2.0195714929364796,1.8848680365626165,2.154274949310343,94.0805070400238,0.0,41
C-TMLE (adaptive correlation),2.0076664821653973,1.880313227101504,2.1350197372292907,11.524453163146973,0.0,41
Oracle TMLE,2.004737431997213,1.867263482153728,2.1422113818406983,0.004580974578857422,0.0,41
Naive difference in means,3.010998571860154,2.6983246628868334,3.323672480833475,0.0,0.0,42
One-step (AIPW),1.9511280873447527,1.8147882389156653,2.08746793577384,23.36564302444458,0.0,42
TMLE (unweighted),1.9509866218722298,1.81464210441621,2.0873311393282497,3.506901979446411,0.0,42
TMLE (weighted),1.9511167959204836,1.8147819366782034,2.0874516551627638,0.00978398323059082,0.0,42
C-TMLE (greedy),1.9511167959204836,1.8147819366782034,2.0874516551627638,381.8086860179901,0.0,42
C-TMLE (adaptive correlation),1.9511167959204836,1.8147819366782034,2.0874516551627638,26.062896966934204,0.0,42
Oracle TMLE,1.941803744229797,1.8044043759290118,2.0792031125305823,0.006369829177856445,0.0,42
Naive difference in means,3.150064148688064,2.830367503092911,3.469760794283217,0.0,0.0,43
One-step (AIPW),1.9032922774367094,1.7706166678062785,2.03596788706714,0.004843950271606445,0.0,43
TMLE (unweighted),1.9035214396210365,1.7708502250513198,2.0361926541907533,0.006267070770263672,0.0,43
TMLE (weighted),1.9033116147943034,1.7706382328288333,2.0359849967597734,0.006281852722167969,0.0,43
C-TMLE (greedy),1.9029078746361074,1.7751403485783197,2.030675400693895,160.7315080165863,0.0,43
C-TMLE (adaptive correlation),1.8972011592894507,1.771291092799159,2.0231112257797426,10.503453016281128,0.0,43
Oracle TMLE,1.907691297641176,1.776588792201509,2.038793803080843,0.0049550533294677734,0.0,43
Naive difference in means,2.932333351931317,2.6094651259058,3.2552015779568335,0.0,0.0,44
One-step (AIPW),1.979663069720664,1.8486075732424254,2.1107185661989027,0.0041658878326416016,0.0,44
TMLE (unweighted),1.9797069279966042,1.848719146503423,2.110694709489785,0.0064830780029296875,0.0,44
TMLE (weighted),1.9796756285780523,1.8486349637626882,2.1107162933934163,0.007330179214477539,0.0,44
C-TMLE (greedy),1.993799999795183,1.871143181923382,2.116456817666984,79.04445600509644,0.0,44
C-TMLE (adaptive correlation),1.9889607315235538,1.8623329228459578,2.11558854020115,8.818307161331177,0.0,44
Oracle TMLE,1.9822711178790373,1.850799113902618,2.1137431218554563,0.005117177963256836,0.0,44
Naive difference in means,3.318984670889176,3.018846466517437,3.6191228752609153,0.0,0.0,45
One-step (AIPW),1.996495401596809,1.8640327780523478,2.1289580251412703,23.06318998336792,0.0,45
TMLE (unweighted),1.9964757254051946,1.8640108544265652,2.128940596383824,3.8092520236968994,0.0,45
TMLE (weighted),1.9964938877227294,1.8640309238095898,2.128956851635869,0.009672880172729492,0.0,45
C-TMLE (greedy),1.9912649947292473,1.86688780865744,2.115642180801055,304.0904960632324,0.0,45
C-TMLE (adaptive correlation),2.0042038129166175,1.8775617852796995,2.1308458405535355,46.90246820449829,0.0,45
Oracle TMLE,1.9977202389600606,1.86450691102843,2.130933566891691,0.004887819290161133,0.0,45
Naive difference in means,3.3276926284945243,3.018826117594192,3.6365591393948566,0.0,0.0,46
One-step (AIPW),2.0266996624247047,1.8934867692377066,2.1599125556117027,0.004430055618286133,0.0,46
TMLE (unweighted),2.026002695717531,1.8928214428165417,2.1591839486185207,0.006543874740600586,0.0,46
TMLE (weighted),2.0266417848960376,1.8934439731663333,2.159839596625742,0.006937980651855469,0.0,46
C-TMLE (greedy),2.0218009166085498,1.8915759592480526,2.152025873969047,159.37278604507446,0.0,46
C-TMLE (adaptive correlation),2.0278728000116337,1.894012523563841,2.1617330764594263,28.82202696800232,0.0,46
Oracle TMLE,2.000805965299265,1.8686097407324564,2.133002189866074,0.005793094635009766,0.0,46
Naive difference in means,3.2773234615561613,2.958539557216378,3.5961073658959446,0.0,0.0,47
One-step (AIPW),2.0387811874871593,1.9071723707351125,2.170390004239206,0.004180908203125,0.0,47
TMLE (unweighted),2.038461174903761,1.9072207036350208,2.169701646172501,0.006400108337402344,0.0,47
TMLE (weighted),2.0387429972268345,1.9072377593862428,2.1702482350674264,0.007750988006591797,0.0,47
C-TMLE (greedy),2.0365740569275026,1.9051576465801685,2.1679904672748367,94.45572900772095,0.0,47
C-TMLE (adaptive correlation),2.038812637416581,1.9073476906430533,2.1702775841901083,16.949944019317627,0.0,47
Oracle TMLE,2.0394460054337036,1.9064942101243414,2.1723978007430658,0.04583597183227539,0.0,47
Naive difference in means,3.094701653275717,2.780201348576906,3.4092019579745276,0.0,0.0,48
One-step (AIPW),1.9681118325344005,1.828617578427308,2.107606086641493,23.372212886810303,0.0,48
TMLE (unweighted),1.968019831860972,1.8291313407227958,2.106908322999148,3.5003018379211426,0.0,48
TMLE (weighted),1.9681179498861507,1.8287718382951232,2.1074640614771782,0.009589910507202148,0.0,48
C-TMLE (greedy),1.989389104810516,1.8573426017606565,2.1214356078603753,389.28768706321716,0.0,48
C-TMLE (adaptive correlation),1.9808607090079058,1.843522011271412,2.1181994067443997,88.09433484077454,0.0,48
Oracle TMLE,1.9701263545302445,1.8365011704689533,2.1037515385915357,0.0063440799713134766,0.0,48
Naive difference in means,3.2199593341660164,2.9053151045307866,3.5346035638012463,0.0,0.0,49
One-step (AIPW),1.9764081206497206,1.833087005708282,2.119729235591159,0.005257844924926758,0.0,49
TMLE (unweighted),1.9764085003309992,1.8335656382696348,2.1192513623923634,0.007904052734375,0.0,49
TMLE (weighted),1.9763886584551342,1.8331233818951091,2.1196539350151595,0.007956981658935547,0.0,49
C-TMLE (greedy),2.001881535317591,1.870709148969048,2.1330539216661344,184.4866168498993,0.0,49
C-TMLE (adaptive correlation),1.9838834011136282,1.8560240346887085,2.111742767538548,4.365267992019653,0.0,49
Oracle TMLE,1.981394291375076,1.8369974319881788,2.125791150761973,0.14951300621032715,0.0,49
Naive difference in means,3.124843654476182,2.8065280241899018,3.443159284762462,0.0,0.0,50
One-step (AIPW),1.9118493869425968,1.7773240891275366,2.046374684757657,0.0031919479370117188,0.0,50
TMLE (unweighted),1.9118014852282101,1.7773196075442081,2.046283362912212,0.004321098327636719,0.0,50
TMLE (weighted),1.9118426620716986,1.7773286292391244,2.0463566949042726,0.0041620731353759766,0.0,50
C-TMLE (greedy),1.9118426620716986,1.7773286292391244,2.0463566949042726,22.782108068466187,0.0,50
C-TMLE (adaptive correlation),1.9118426620716986,1.7773286292391244,2.0463566949042726,6.761870861053467,0.0,50
Oracle TMLE,1.9076905193601887,1.7743556396811901,2.0410253990391873,0.004094123840332031,0.0,50
Naive difference in means,3.4689634527569817,3.1428933178055747,3.7950335877083887,0.0,0.0,51
One-step (AIPW),2.02119476203256,1.8818006827517855,2.1605888413133347,21.38081979751587,0.0,51
TMLE (unweighted),2.0221557094460185,1.8830784805738416,2.1612329383181956,3.5565381050109863,0.0,51
TMLE (weighted),2.02124476745789,1.8819386954468438,2.1605508394689363,0.026376008987426758,0.0,51
C-TMLE (greedy),1.990404630677899,1.867058418646433,2.113750842709365,386.4233660697937,0.0,51
C-TMLE (adaptive correlation),1.9907894097054062,1.8687816037221576,2.1127972156886545,40.677325963974,0.0,51
Oracle TMLE,2.022172236469061,1.8857787429811457,2.1585657299569765,0.004636049270629883,0.0,51
Naive difference in means,3.1333153295125724,2.826944802095354,3.439685856929791,0.0,0.0,52
One-step (AIPW),1.9905771058236497,1.85438275927102,2.1267714523762793,0.0034110546112060547,0.0,52
TMLE (unweighted),1.9904473276982795,1.8542587589724293,2.12663589642413,0.03670191764831543,0.0,52
TMLE (weighted),1.9905641197801178,1.8543728182947545,2.1267554212654813,0.00429987907409668,0.0,52
C-TMLE (greedy),1.9802305951572572,1.8441680550086308,2.1162931353058836,144.04171109199524,0.0,52
C-TMLE (adaptive correlation),1.9988401569640604,1.8717649828994845,2.125915331028636,9.523530960083008,0.0,52
Oracle TMLE,1.9817914061003639,1.8470117157005916,2.1165710965001363,0.0040547847747802734,0.0,52
Naive difference in means,3.5442911187827906,3.2231728975155187,3.8654093400500624,0.0,0.0,53
One-step (AIPW),1.996847756735173,1.858909636077939,2.134785877392407,0.0029129981994628906,0.0,53
TMLE (unweighted),1.998513759977151,1.860567789000991,2.1364597309533107,0.004406929016113281,0.0,53
TMLE (weighted),1.9969483502402,1.8590356558909864,2.1348610445894134,0.004367828369140625,0.0,53
C-TMLE (greedy),1.992594048684673,1.8553702992836538,2.129817798085692,56.64953684806824,0.0,53
C-TMLE (adaptive correlation),1.996948350240199,1.8590356558909855,2.1348610445894125,11.911046028137207,0.0,53
Oracle TMLE,2.0030921635150065,1.8667205164589766,2.1394638105710366,0.004380941390991211,0.0,53
Naive difference in means,3.0138311986897053,2.7100812895189703,3.3175811078604402,0.0,0.0,54
One-step (AIPW),1.9951043857275463,1.866747852099188,2.123460919355905,0.0031540393829345703,0.0,54
TMLE (unweighted),1.9953265318215156,1.8670550544769786,2.1235980091660527,0.00455784797668457,0.0,54
TMLE (weighted),1.995128174428678,1.8667975144959117,2.1234588343614442,0.004647016525268555,0.0,54
C-TMLE (greedy),1.97869269511079,1.8576699760799684,2.0997154141416114,45.94818091392517,0.0,54
C-TMLE (adaptive correlation),2.000607155784037,1.8702965171134207,2.130917794454653,17.745425939559937,0.0,54
Oracle TMLE,2.000074591331996,1.8706691842444885,2.1294799984195034,0.004129886627197266,0.0,54
Naive difference in means,3.407645828033113,3.084095980885241,3.7311956751809845,0.0,0.0,55
One-step (AIPW),2.1215585954156997,1.9901705814341868,2.252946609397213,21.380695104599,0.0,55
TMLE (unweighted),2.121587218444179,1.9902458767965023,2.252928560091856,3.556523084640503,0.0,55
TMLE (weighted),2.1215662388496934,1.9901930095715612,2.252939468127826,0.02648305892944336,0.0,55
C-TMLE (greedy),2.113931673243357,1.9850477143539906,2.2428156321327233,537.9430921077728,0.0,55
C-TMLE (adaptive correlation),2.1296395523915006,2.00471229361074,2.254566811172261,33.68427586555481,0.0,55
Oracle TMLE,2.1240561029315552,1.9930555779343526,2.2550566279287576,0.004911899566650391,0.0,55
Naive difference in means,3.166003853991109,2.85809563152266,3.4739120764595577,0.0,0.0,56
One-step (AIPW),1.9392781021242864,1.800928631783504,2.077627572465069,0.0035278797149658203,0.0,56
TMLE (unweighted),1.9395537304936128,1.8008641546994555,2.07824330628777,0.005304098129272461,0.0,56
TMLE (weighted),1.939294212760516,1.8009184152887434,2.0776700102322883,0.005250215530395508,0.0,56
C-TMLE (greedy),1.9532754498043523,1.8238780989971315,2.082672800611573,80.17135095596313,0.0,56
C-TMLE (adaptive correlation),1.9429388889657497,1.8212896203642361,2.0645881575672633,5.701896905899048,0.0,56
Oracle TMLE,1.9353484969464394,1.8023200548835738,2.0683769390093047,0.00436711311340332,0.0,56
Naive difference in means,3.0219755603802394,2.714806631695291,3.329144489065188,0.0,0.0,57
One-step (AIPW),1.9197495446995274,1.7877585554955957,2.051740533903459,0.0032041072845458984,0.0,57
TMLE (unweighted),1.9195447285544291,1.7875533126843202,2.051536144424538,0.004796028137207031,0.0,57
TMLE (weighted),1.9197281802865966,1.787738881280452,2.051717479292741,0.0047550201416015625,0.0,57
C-TMLE (greedy),1.929360998749666,1.8074877997878498,2.0512341977114823,33.430903911590576,0.0,57
C-TMLE (adaptive correlation),1.9241478950479827,1.797956991108518,2.0503387989874473,11.39631199836731,0.0,57
Oracle TMLE,1.9080296209601484,1.7776817564237077,2.0383774854965893,0.004157066345214844,0.0,57
Naive difference in means,3.2934063348684037,2.9758780461894014,3.610934623547406,0.0,0.0,58
One-step (AIPW),2.064662561228282,1.9265961998784966,2.2027289225780673,21.38070583343506,0.0,58
TMLE (unweighted),2.0645608387780077,1.9263135833981837,2.2028080941578314,3.5565381050109863,0.0,58
TMLE (weighted),2.064664804712175,1.9265809898194866,2.2027486196048636,0.026461124420166016,0.0,58
C-TMLE (greedy),2.076702684773473,1.9431533090024558,2.2102520605444904,400.31571412086487,0.0,58
C-TMLE (adaptive correlation),2.064096507475355,1.9336308103092756,2.194562204641434,25.84000301361084,0.0,58
Oracle TMLE,2.0793965325539494,1.9420521734456717,2.2167408916622273,0.003865957260131836,0.0,58
Naive difference in means,3.132708075784233,2.8074437051360364,3.45797244643243,0.0,0.0,59
One-step (AIPW),1.9772733866369383,1.8341989972891712,2.1203477759847056,0.002827882766723633,0.0,59
TMLE (unweighted),1.9764123489432104,1.8337844151713971,2.119040282715024,0.004256010055541992,0.0,59
TMLE (weighted),1.9771558069003126,1.8341801763153076,2.1201314374853175,0.004311084747314453,0.0,59
C-TMLE (greedy),2.001729174568183,1.8680606728982436,2.1353976762381226,167.52117204666138,0.0,59
C-TMLE (adaptive correlation),1.9814310403647104,1.8409572906049645,2.1219047901244563,15.582916975021362,0.0,59
Oracle TMLE,1.9799872431730159,1.842290554590609,2.117683931755423,0.005220174789428711,0.0,59
Naive difference in means,3.068942736559128,2.7501297318249645,3.387755741293292,0.0,0.0,60
One-step (AIPW),2.0197346390422095,1.8759150380108554,2.1635542400735637,0.003759145736694336,0.0,60
TMLE (unweighted),2.0197294884324997,1.8759220437887432,2.163536933076256,0.005914926528930664,0.0,60
TMLE (weighted),2.0197438798135328,1.8759273037955915,2.1635604558314743,0.005471944808959961,0.0,60
C-TMLE (greedy),2.024087521671626,1.9019562298203774,2.1462188135228746,25.94188117980957,0.0,60
C-TMLE (adaptive correlation),2.019067727793882,1.8911386013925209,2.1469968541952436,12.992618083953857,0.0,60
Oracle TMLE,2.029580451650615,1.8843687184211793,2.1747921848800504,0.0038878917694091797,0.0,60
Naive difference in means,3.2567870167221433,2.9349988072912754,3.5785752261530113,0.0,0.0,61
One-step (AIPW),2.1203413641719493,1.9819623780098947,2.258720350334004,21.380815029144287,0.0,61
TMLE (unweighted),2.1211940317092406,1.9832717319382975,2.2591163314801834,3.556429147720337,0.0,61
TMLE (weighted),2.120395964578087,1.9821649276197393,2.2586270015364347,0.026360034942626953,0.0,61
C-TMLE (greedy),2.072137344764813,1.939679638110391,2.2045950514192345,151.1825888156891,0.0,61
C-TMLE (adaptive correlation),2.076986561723179,1.9507825453083019,2.203190578138056,19.71941304206848,0.0,61
Oracle TMLE,2.1165322069436305,1.9789281180973666,2.2541362957898947,0.005204916000366211,0.0,61
Naive difference in means,3.0708447211211913,2.7601371199332174,3.3815523223091652,0.0,0.0,62
One-step (AIPW),1.9243891265778277,1.78166779935726,2.0671104537983953,0.003874063491821289,0.0,62
TMLE (unweighted),1.925874100454012,1.783899767502728,2.0678484334052962,0.006772041320800781,0.0,62
TMLE (weighted),1.9245448892424484,1.781967768921399,2.067122009563498,0.0070819854736328125,0.0,62
C-TMLE (greedy),1.9542465557387205,1.8281271516354254,2.0803659598420157,157.49311184883118,0.0,62
C-TMLE (adaptive correlation),1.9317443850459473,1.7880871761902806,2.075401593901614,44.0270140171051,0.0,62
Oracle TMLE,1.9369015216452536,1.7947977024635964,2.079005340826911,0.005522966384887695,0.0,62
Naive difference in means,3.6721533995529128,3.350166649919135,3.9941401491866904,0.0,0.0,63
One-step (AIPW),1.9131207822035963,1.7717274182003315,2.054514146206861,0.004288911819458008,0.0,63
TMLE (unweighted),1.9134962474876829,1.7723865302278312,2.0546059647475343,0.0066070556640625,0.0,63
TMLE (weighted),1.9131777737356528,1.7718502377757006,2.054505309695605,0.006807088851928711,0.0,63
C-TMLE (greedy),1.9443499553872738,1.813345752115144,2.0753541586594038,102.66950392723083,0.0,63
C-TMLE (adaptive correlation),1.9338599377031027,1.8089422498932675,2.058777625512938,6.592242002487183,0.0,63
Oracle TMLE,1.9173978985501108,1.7774252016333298,2.0573705954668915,0.004868984222412109,0.0,63
Naive difference in means,3.34948537280155,3.0385858349200854,3.660384910683015,0.0,0.0,64
One-step (AIPW),1.9176277615757245,1.694411614351111,2.140843908800338,21.380815029144287,0.0,64
TMLE (unweighted),1.9301350319243715,1.7322420066102393,2.1280280572385037,3.556523084640503,0.0,64
TMLE (weighted),1.9183672488767545,1.6976345258862873,2.1390999718672217,0.02639007568359375,0.0,64
C-TMLE (greedy),1.9953802787496,1.8534706563078254,2.137289901191375,226.8926980495453,0.0,64
C-TMLE (adaptive correlation),2.011151285577811,1.8792197351269782,2.143082836028644,14.324931859970093,0.0,64
Oracle TMLE,1.931007160393493,1.7141200185631433,2.147894302223843,0.02749919891357422,0.0,64
Naive difference in means,3.476780004128318,3.155747253573067,3.797812754683569,0.0,0.0,65
One-step (AIPW),2.0352205842257405,1.8967841946217392,2.1736569738297415,0.0041408538818359375,0.0,65
TMLE (unweighted),2.0352901813556477,1.8968615894390792,2.173718773272216,0.004914045333862305,0.0,65
TMLE (weighted),2.035230683582221,1.8967955450746814,2.1736658220897604,0.004656076431274414,0.0,65
C-TMLE (greedy),2.0303123305372646,1.9068882927754145,2.1537363682991146,239.54033184051514,0.0,65
C-TMLE (adaptive correlation),2.029726348546824,1.9065097740731636,2.1529429230204844,28.504430055618286,0.0,65
Oracle TMLE,2.0334125359272885,1.8970750960475444,2.169749975807033,0.003774881362915039,0.0,65
Naive difference in means,3.0207150169352865,2.6986465463620046,3.3427834875085685,0.0,0.0,66
One-step (AIPW),2.0836090137653858,1.9401659680494372,2.2270520594813346,0.0027370452880859375,0.0,66
TMLE (unweighted),2.083917140456693,1.9406991825995847,2.227135098313801,0.00495600700378418,0.0,66
TMLE (weighted),2.0836407010896156,1.940243537999563,2.2270378641796684,0.004930019378662109,0.0,66
C-TMLE (greedy),2.0862250511318026,1.9440925164118352,2.22835758585177,60.10752010345459,0.0,66
C-TMLE (adaptive correlation),2.0836407010896156,1.940243537999563,2.2270378641796684,18.010780096054077,0.0,66
Oracle TMLE,2.0806483858936735,1.9413597117871424,2.2199370600002046,0.0043718814849853516,0.0,66
Naive difference in means,3.3381399351852385,3.0077517885603724,3.6685280818101047,0.0,0.0,67
One-step (AIPW),2.074677628113839,1.9313073139072485,2.2180479423204296,21.645051956176758,0.0,67
TMLE (unweighted),2.0743709330079327,1.930995590301037,2.2177462757148283,3.2921998500823975,0.0,67
TMLE (weighted),2.0746141638932687,1.9312633904476737,2.2179649373388637,0.026346921920776367,0.0,67
C-TMLE (greedy),2.0501036229444964,1.9209418999057213,2.1792653459832714,323.3482999801636,0.0,67
C-TMLE (adaptive correlation),2.052096515031672,1.9240820519395907,2.1801109781237535,24.938535928726196,0.0,67
Oracle TMLE,2.0762692392465483,1.9295646586855406,2.2229738198075557,0.004873991012573242,0.0,67
Naive difference in means,3.3405732868065203,3.0304655155218523,3.6506810580911884,0.0,0.0,68
One-step (AIPW),2.031167633625997,1.8997013648191827,2.162633902432811,0.0035049915313720703,0.0,68
TMLE (unweighted),2.03101691797136,1.8996324141318408,2.162401421810879,0.00537109375,0.0,68
TMLE (weighted),2.031149215139032,1.899707144614501,2.162591285663563,0.005594968795776367,0.0,68
C-TMLE (greedy),2.0514478327242136,1.9260072003907387,2.1768884650576883,224.7119460105896,0.0,68
C-TMLE (adaptive correlation),2.049724651937609,1.9242354659928287,2.1752138378823895,70.84986591339111,0.0,68
Oracle TMLE,2.022625841940089,1.889971077093477,2.1552806067867007,0.0052149295806884766,0.0,68
Naive difference in means,2.886652773025503,2.5672909744050845,3.2060145716459214,0.0,0.0,69
One-step (AIPW),1.8667753149871873,1.7343108856175609,1.9992397443568137,0.0037970542907714844,0.0,69
TMLE (unweighted),1.866735667516657,1.73426931560468,1.9992020194286342,0.005834102630615234,0.0,69
TMLE (weighted),1.8667715380591325,1.7343068178550527,1.9992362582632124,0.005762815475463867,0.0,69
C-TMLE (greedy),1.8667715380591325,1.7343068178550527,1.9992362582632124,90.58065104484558,0.0,69
C-TMLE (adaptive correlation),1.8675609176033856,1.7425853554649218,1.9925364797418494,9.09581995010376,0.0,69
Oracle TMLE,1.871385953283273,1.7393762331118094,2.0033956734547367,0.005255937576293945,0.0,69
Naive difference in means,3.4643994075133215,3.1466592554668806,3.7821395595597624,0.0,0.0,70
One-step (AIPW),1.9392907804327748,1.789120241531913,2.089461319333637,21.645137071609497,0.0,70
TMLE (unweighted),1.9414139458860014,1.791275599924823,2.0915522918471794,3.2921009063720703,0.0,70
TMLE (weighted),1.9395056452393493,1.78941370947472,2.0895975810039786,0.02630782127380371,0.0,70
C-TMLE (greedy),1.9791856929857798,1.8504384800115379,2.1079329059600216,127.54931497573853,0.0,70
C-TMLE (adaptive correlation),1.9589402182114504,1.8228878702363187,2.094992566186582,32.734570026397705,0.0,70
Oracle TMLE,1.9331059600191127,1.7860765292696013,2.080135390768624,5.282511949539185,0.0,70
Naive difference in means,3.2751219401166036,2.96538448273673,3.5848593974964773,0.0,0.0,71
One-step (AIPW),2.045236515580101,1.9047796524687386,2.185693378691463,0.004277944564819336,0.0,71
TMLE (unweighted),2.04476542104456,1.9051866114164924,2.184344230672628,0.005689859390258789,0.0,71
TMLE (weighted),2.0451797121798183,1.9049170339403412,2.1854423904192952,0.005656003952026367,0.0,71
C-TMLE (greedy),2.0327341784211863,1.8960841620606055,2.169384194781767,101.73589992523193,0.0,71
C-TMLE (adaptive correlation),2.007561859147963,1.8815723344609863,2.1335513838349396,23.44373893737793,0.0,71
Oracle TMLE,2.0462520789521785,1.9049632151815588,2.1875409427227983,0.004650115966796875,0.0,71
Naive difference in means,3.3706589766567623,3.0445811415338486,3.696736811779676,0.0,0.0,72
One-step (AIPW),2.0371343325913154,1.9025613918608384,2.1717072733217924,0.003192901611328125,0.0,72
TMLE (unweighted),2.0367468393878845,1.90226898317267,2.1712246956030987,0.0047190189361572266,0.0,72
TMLE (weighted),2.037093289250036,1.902551483871515,2.171635094628557,0.004625082015991211,0.0,72
C-TMLE (greedy),2.037093289250036,1.902551483871515,2.171635094628557,175.95363593101501,0.0,72
C-TMLE (adaptive correlation),2.037093289250036,1.902551483871515,2.171635094628557,21.352370023727417,0.0,72
Oracle TMLE,2.0337682632806993,1.8972457369125775,2.170290789648821,0.006245851516723633,0.0,72
Naive difference in means,3.3566709502816767,3.034268538091222,3.6790733624721312,0.0,0.0,73
One-step (AIPW),1.9940299143155382,1.8460402887638083,2.142019539867268,19.34839391708374,0.0,73
TMLE (unweighted),1.9946066649632561,1.8470205680309695,2.1421927618955428,3.5564258098602295,0.0,73
TMLE (weighted),1.9940768900987593,1.8461845281052258,2.141969252092293,0.02672600746154785,0.0,73
C-TMLE (greedy),1.995312586732297,1.8559683387213903,2.1346568347432036,223.92630910873413,0.0,73
C-TMLE (adaptive correlation),1.9940768900987595,1.846184528105226,2.141969252092293,35.951663970947266,0.0,73
Oracle TMLE,1.9857074342051315,1.8416003144171944,2.129814553993069,0.005545139312744141,0.0,73
Naive difference in means,3.268826653455051,2.9710805299943557,3.5665727769157467,0.0,0.0,74
One-step (AIPW),2.0531017361240487,1.9198331780806293,2.186370294167468,0.0039520263671875,0.0,74
TMLE (unweighted),2.0536076538211856,1.9204532083278198,2.186762099314551,0.005563974380493164,0.0,74
TMLE (weighted),2.053160805856201,1.9199316154809627,2.1863899962314393,0.005491018295288086,0.0,74
C-TMLE (greedy),2.0546830048837434,1.9239239441367737,2.185442065630713,172.69204688072205,0.0,74
C-TMLE (adaptive correlation),2.050105639915768,1.919970626227616,2.1802406536039203,35.18829607963562,0.0,74
Oracle TMLE,2.0527027656162744,1.9180217861295392,2.1873837451030096,0.005597114562988281,0.0,74
Naive difference in means,3.5193130360577682,3.196996838660386,3.8416292334551505,0.0,0.0,75
One-step (AIPW),2.095949466111898,1.9587519291001105,2.2331470031236855,0.004235982894897461,0.0,75
TMLE (unweighted),2.095882164923251,1.958691290416427,2.2330730394300753,0.006213188171386719,0.0,75
TMLE (weighted),2.0959443626334173,1.9587486868757202,2.2331400383911144,0.0061190128326416016,0.0,75
C-TMLE (greedy),2.0930977759779608,1.9596428787865963,2.2265526731693255,30.04131007194519,0.0,75
C-TMLE (adaptive correlation),2.0994948007345364,1.9760872385188237,2.2229023629502493,10.49033784866333,0.0,75
Oracle TMLE,2.0909095613188233,1.952796764746329,2.229022357891318,0.004923105239868164,0.0,75
Naive difference in means,3.319624654820772,2.9982154070908504,3.6410339025506935,0.0,0.0,76
One-step (AIPW),1.9515449552365927,1.8100692833524903,2.093020627120695,17.353764057159424,0.0,76
TMLE (unweighted),1.9515217326362062,1.8100523816802079,2.0929910835922043,3.146599054336548,0.0,76
TMLE (weighted),1.9515417560941666,1.8100671274581517,2.0930163847301815,0.00957798957824707,0.0,76
C-TMLE (greedy),1.9468551001946175,1.8067433279513017,2.0869668724379333,368.77997183799744,0.0,76
C-TMLE (adaptive correlation),1.952387120743288,1.8275624822681273,2.0772117592184487,16.022840976715088,0.0,76
Oracle TMLE,1.956767888911414,1.8180133193562678,2.09552245846656,0.005012035369873047,0.0,76
Naive difference in means,2.815845206539913,2.488035046491445,3.1436553665883813,0.0,0.0,77
One-step (AIPW),1.8620988694000962,1.6990748953995745,2.025122843400618,0.1392068862915039,0.0,77
TMLE (unweighted),1.861377197688869,1.6992184409917455,2.0235359543859923,0.004640817642211914,0.0,77
TMLE (weighted),1.8620274986003416,1.6991205689189333,2.02493442828175,0.00421595573425293,0.0,77
C-TMLE (greedy),1.8620274986003418,1.6991205689189335,2.02493442828175,105.97847318649292,0.0,77
C-TMLE (adaptive correlation),1.8567176251684803,1.6965816064359158,2.0168536439010447,16.525452136993408,0.0,77
Oracle TMLE,1.8412616265311872,1.6822065283239638,2.0003167247384104,0.004652976989746094,0.0,77
Naive difference in means,3.370825350262083,3.0674078149839934,3.6742428855401723,0.0,0.0,78
One-step (AIPW),1.9516646503510213,1.8147306706523525,2.08859863004969,0.0035212039947509766,0.0,78
TMLE (unweighted),1.9515199671387382,1.8148538920099702,2.0881860422675063,0.005155086517333984,0.0,78
TMLE (weighted),1.9516773817874613,1.8148343463809273,2.0885204171939953,0.005033969879150391,0.0,78
C-TMLE (greedy),1.9516773817874613,1.8148343463809273,2.0885204171939953,46.15185213088989,0.0,78
C-TMLE (adaptive correlation),1.9516773817874613,1.8148343463809273,2.0885204171939953,9.503473997116089,0.0,78
Oracle TMLE,1.9644827504721216,1.8280556742538083,2.100909826690435,0.004673004150390625,0.0,78
Naive difference in means,3.4041503665353745,3.087851644408668,3.720449088662081,0.0,0.0,79
One-step (AIPW),2.043397479641426,1.8838737530695022,2.2029212062133494,0.0033409595489501953,0.0,79
TMLE (unweighted),2.043666414181291,1.8842119448093375,2.2031208835532445,0.004987001419067383,0.0,79
TMLE (weighted),2.0434360330960155,1.8839212480701966,2.2029508181218347,0.0049610137939453125,0.0,79
C-TMLE (greedy),2.0434360330960155,1.8839212480701966,2.2029508181218347,45.191649198532104,0.0,79
C-TMLE (adaptive correlation),2.043436033096015,1.8839212480701961,2.202950818121834,11.06981086730957,0.0,79
Oracle TMLE,2.0438927464638317,1.892143706928765,2.195641785998898,0.004570960998535156,0.0,79
Naive difference in means,3.221465968713067,2.9042612382848745,3.5386706991412593,0.0,0.0,80
One-step (AIPW),2.0213180376957074,1.8832804368783873,2.1593556385130275,19.406147003173828,0.0,80
TMLE (unweighted),2.0218143147638274,1.8838918322594116,2.1597367972682435,3.1466338634490967,0.0,80
TMLE (weighted),2.021390461947145,1.8833735372553888,2.1594073866389007,0.009016990661621094,0.0,80
C-TMLE (greedy),2.035379524609015,1.9075998779873042,2.163159171230726,120.71737313270569,0.0,80
C-TMLE (adaptive correlation),2.031978987401187,1.9076321726557206,2.156325802146654,8.195571184158325,0.0,80
Oracle TMLE,2.0335584330131136,1.897855084498965,2.169261781527262,2.3214120864868164,0.0,80
Naive difference in means,3.170811918836511,2.854934914397333,3.486688923275689,0.0,0.0,81
One-step (AIPW),2.100231841694199,1.966343356823289,2.234120326565109,0.0039539337158203125,0.0,81
TMLE (unweighted),2.100237182857725,1.966411094890979,2.2340632708244708,0.0045430660247802734,0.0,81
TMLE (weighted),2.1002171810024137,1.9663440031264898,2.2340903588783374,0.004336118698120117,0.0,81
C-TMLE (greedy),2.0869292254720557,1.9632292587363451,2.210629192207766,45.0443549156189,0.0,81
C-TMLE (adaptive correlation),2.091759640318002,1.9638087945754052,2.2197104860605985,6.769625902175903,0.0,81
Oracle TMLE,2.097137706058149,1.963934289066115,2.2303411230501826,0.005468130111694336,0.0,81
Naive difference in means,3.1229491683611363,2.8103054929201194,3.4355928438021532,0.0,0.0,82
One-step (AIPW),1.9967106324319928,1.8641544081684016,2.129266856695584,0.003495931625366211,0.0,82
TMLE (unweighted),1.9967154212965337,1.864157401973526,2.1292734406195413,0.004969120025634766,0.0,82
TMLE (weighted),1.9967115432054643,1.8641551441119635,2.129267942298965,0.004789113998413086,0.0,82
C-TMLE (greedy),1.9933988785868888,1.8664840359363986,2.120313721237379,91.38777303695679,0.0,82
C-TMLE (adaptive correlation),1.995316000377088,1.868865233334441,2.121766767419735,13.533221006393433,0.0,82
Oracle TMLE,1.99876211716581,1.8682538052076134,2.1292704291240065,0.004539966583251953,0.0,82
Naive difference in means,3.27055395695438,2.959978081890611,3.5811298320181484,0.0,0.0,83
One-step (AIPW),1.9418970597301553,1.7967299238232952,2.0870641956370153,19.406049966812134,0.0,83
TMLE (unweighted),1.9416937086099797,1.7966932887800289,2.0866941284399303,3.1466550827026367,0.0,83
TMLE (weighted),1.941877078457985,1.7967308951745629,2.087023261741407,0.009189128875732422,0.0,83
C-TMLE (greedy),1.9501915008376178,1.8222013813649187,2.078181620310317,119.58157896995544,0.0,83
C-TMLE (adaptive correlation),1.9493963424037557,1.8251838601136963,2.073608824693815,118.64468383789062,0.0,83
Oracle TMLE,1.9528801477807092,1.8058900957840491,2.099870199777369,0.0040740966796875,0.0,83
Naive difference in means,3.1500425514905985,2.826622932377211,3.473462170603986,0.0,0.0,84
One-step (AIPW),1.9872290511459907,1.8538220413887536,2.1206360609032275,0.002980947494506836,0.0,84
TMLE (unweighted),1.9870347671631778,1.8536295837344134,2.1204399505919422,0.004345893859863281,0.0,84
TMLE (weighted),1.987205992656437,1.8537997955145842,2.1206121897982895,0.004342079162597656,0.0,84
C-TMLE (greedy),1.9816603703154891,1.8480440404123262,2.115276700218652,220.9451220035553,0.0,84
C-TMLE (adaptive correlation),1.987205992656437,1.8537997955145842,2.1206121897982895,27.645936965942383,0.0,84
Oracle TMLE,1.9775751140940228,1.8418091335465805,2.113341094641465,0.004782915115356445,0.0,84
Naive difference in means,3.355801113859802,3.02871729797024,3.682884929749364,0.0,0.0,85
One-step (AIPW),1.9765375641075564,1.8495797927544293,2.103495335460684,0.003511190414428711,0.0,85
TMLE (unweighted),1.976487319660302,1.849622696825651,2.1033519424949527,0.0053479671478271484,0.0,85
TMLE (weighted),1.9765330361557594,1.849599054285492,2.1034670180260266,0.005295991897583008,0.0,85
C-TMLE (greedy),1.9751946722705118,1.8481239155070368,2.1022654290339866,46.63185787200928,0.0,85
C-TMLE (adaptive correlation),1.9765330361557591,1.8495990542854917,2.1034670180260266,11.05731201171875,0.0,85
Oracle TMLE,1.9852803454652064,1.8559872343900585,2.1145734565403544,0.004189014434814453,0.0,85
Naive difference in means,3.1715878368102857,2.8575975919149115,3.48557808170566,0.0,0.0,86
One-step (AIPW),2.013568455493856,1.8817698785377357,2.1453670324499767,17.361314058303833,0.0,86
TMLE (unweighted),2.013679143294768,1.8818827471847035,2.145475539404832,3.146627187728882,0.0,86
TMLE (weighted),2.013583370241859,1.8817868090901582,2.1453799313935598,0.009264945983886719,0.0,86
C-TMLE (greedy),2.0152473506508835,1.8898264255743313,2.1406682757274353,151.63048815727234,0.0,86
C-TMLE (adaptive correlation),2.0183427245890107,1.889742672162658,2.1469427770153633,10.478738784790039,0.0,86
Oracle TMLE,2.0227503065640655,1.8907473418590681,2.1547532712690627,0.004812955856323242,0.0,86
Naive difference in means,3.444788757289033,3.1218076426062655,3.767769871971801,0.0,0.0,87
One-step (AIPW),1.9551277987541387,1.8161661154161668,2.0940894820921105,0.0032639503479003906,0.0,87
TMLE (unweighted),1.9554452956427053,1.8165324958292373,2.0943580954561734,0.0047910213470458984,0.0,87
TMLE (weighted),1.955163177949467,1.816213684053955,2.0941126718449787,0.004660129547119141,0.0,87
C-TMLE (greedy),1.9695944959318004,1.8375279851910848,2.101661006672516,85.5256700515747,0.0,87
C-TMLE (adaptive correlation),1.9551778339126864,1.8162102612601583,2.0941454065652145,15.666845798492432,0.0,87
Oracle TMLE,1.9473292704405694,1.809347698277595,2.085310842603544,0.004807949066162109,0.0,87
Naive difference in means,3.040291101938536,2.713222814894073,3.367359388982999,0.0,0.0,88
One-step (AIPW),2.1077812615624945,1.9809875411689262,2.2345749819560625,0.03592109680175781,0.0,88
TMLE (unweighted),2.107794462219645,1.9810063194114718,2.234582605027818,0.00465703010559082,0.0,88
TMLE (weighted),2.1077814505795525,1.9809894397666739,2.234573461392431,0.004305839538574219,0.0,88
C-TMLE (greedy),2.113472961749875,1.9865121235550325,2.240433799944718,132.60197806358337,0.0,88
C-TMLE (adaptive correlation),2.1084194501654,1.9816553178714962,2.235183582459304,26.684828996658325,0.0,88
Oracle TMLE,2.109745589129454,1.982966050721937,2.2365251275369706,0.0040569305419921875,0.0,88
Naive difference in means,3.238095765625167,2.92944645405916,3.5467450771911744,0.0,0.0,89
One-step (AIPW),1.9227276165687552,1.7795773337980785,2.0658778993394322,17.36502504348755,0.0,89
TMLE (unweighted),1.922729833961482,1.779762428892531,2.065697239030433,3.1466119289398193,0.0,89
TMLE (weighted),1.922733688676643,1.7796033836733482,2.0658639936799377,0.009261846542358398,0.0,89
C-TMLE (greedy),1.9179109718273966,1.7926493334135651,2.043172610241228,502.55476999282837,0.0,89
C-TMLE (adaptive correlation),1.9052876051697962,1.7705631882441033,2.0400120220954894,15.489674091339111,0.0,89
Oracle TMLE,1.922804450359287,1.7771460926050633,2.0684628081135106,0.004570960998535156,0.0,89
Naive difference in means,3.4776935384534493,3.1634940249181867,3.791893051988712,0.0,0.0,90
One-step (AIPW),2.0420986134042978,1.8984875426312005,2.185709684177395,0.0034830570220947266,0.0,90
TMLE (unweighted),2.041925390286156,1.8983567015891052,2.1854940789832065,0.0052378177642822266,0.0,90
TMLE (weighted),2.042092457788631,1.8984929676309377,2.185691947946324,0.005110025405883789,0.0,90
C-TMLE (greedy),2.0639344765254535,1.9365465658650018,2.191322387185905,55.904273986816406,0.0,90
C-TMLE (adaptive correlation),2.0605373299630974,1.9201295183986211,2.2009451415275736,8.737421989440918,0.0,90
Oracle TMLE,2.0412061134945394,1.9002767449174813,2.1821354820715975,0.046919822692871094,0.0,90
Naive difference in means,3.351285755993007,3.0235215406365175,3.679049971349497,0.0,0.0,91
One-step (AIPW),2.094510591341568,1.9703879967578763,2.2186331859252593,0.0029730796813964844,0.0,91
TMLE (unweighted),2.0945146301141615,1.9703918452760407,2.218637414952282,0.004266023635864258,0.0,91
TMLE (weighted),2.094510409022084,1.9703878082721653,2.2186330097720024,0.0041217803955078125,0.0,91
C-TMLE (greedy),2.0885051172428777,1.9629303585329767,2.2140798759527787,33.59278392791748,0.0,91
C-TMLE (adaptive correlation),2.090971788085867,1.9641649962124683,2.2177785799592655,11.731722831726074,0.0,91
Oracle TMLE,2.0834838267223565,1.9596492063927815,2.207318447051932,0.005116939544677734,0.0,91
Naive difference in means,3.0981928271893966,2.770935934932879,3.4254497194459144,0.0,0.0,92
One-step (AIPW),1.9897487562527214,1.844011334602295,2.135486177903148,17.383718013763428,0.0,92
TMLE (unweighted),1.9895091985267126,1.8441430706073167,2.1348753264461084,3.146599054336548,0.0,92
TMLE (weighted),1.9897417082023148,1.8440590358222226,2.135424380582407,0.008917093276977539,0.0,92
C-TMLE (greedy),2.0009027859335267,1.853080936753304,2.1487246351137492,260.65818309783936,0.0,92
C-TMLE (adaptive correlation),1.9781657711715124,1.8527419606056654,2.103589581737359,27.902956008911133,0.0,92
Oracle TMLE,2.0021607917423117,1.858451902114766,2.1458696813698572,0.004728078842163086,0.0,92
Naive difference in means,3.496348909223126,3.178447189844761,3.8142506286014908,0.0,0.0,93
One-step (AIPW),2.1077899087325553,1.9735538407442712,2.2420259767208397,0.003498077392578125,0.0,93
TMLE (unweighted),2.108430673807126,1.9743647838921041,2.2424965637221477,0.00522613525390625,0.0,93
TMLE (weighted),2.107882542581347,1.9736787485947775,2.2420863365679162,0.005199909210205078,0.0,93
C-TMLE (greedy),2.0893671203907123,1.9679364101426717,2.210797830638753,71.11287999153137,0.0,93
C-TMLE (adaptive correlation),2.0947057545885275,1.969203622421401,2.220207886755654,9.310338973999023,0.0,93
Oracle TMLE,2.0968633295985755,1.9630528515494703,2.2306738076476806,0.0038809776306152344,0.0,93
Naive difference in means,3.027999794677123,2.7108275450598707,3.3451720442943755,0.0,0.0,94
One-step (AIPW),1.9411548733902038,1.802031313945534,2.0802784328348736,0.0026869773864746094,0.0,94
TMLE (unweighted),1.9410796424636296,1.8023151278408023,2.079844157086457,0.00397801399230957,0.0,94
TMLE (weighted),1.941162674742337,1.8021375419956256,2.0801878074890485,0.004168033599853516,0.0,94
C-TMLE (greedy),1.9680372472342067,1.845171825637226,2.0909026688311876,106.0101101398468,0.0,94
C-TMLE (adaptive correlation),1.9691211212868958,1.8455136430540475,2.0927285995197438,7.868409156799316,0.0,94
Oracle TMLE,1.9507184173727434,1.8107885735236895,2.0906482612217974,0.004063844680786133,0.0,94
Naive difference in means,3.595116945676124,3.2673607207247573,3.922873170627491,0.0,0.0,95
One-step (AIPW),2.040004078654703,1.9006265475452242,2.1793816097641816,19.406131982803345,0.0,95
TMLE (unweighted),2.04026465010416,1.9009203830195498,2.1796089171887703,3.146601915359497,0.0,95
TMLE (weighted),2.0400307819871606,1.9006672575252157,2.1793943064491055,0.00903010368347168,0.0,95
C-TMLE (greedy),2.044245844250625,1.9053683269717578,2.1831233615294923,298.4531831741333,0.0,95
C-TMLE (adaptive correlation),2.039961885388637,1.9018283759148698,2.1780953948624044,20.423832178115845,0.0,95
Oracle TMLE,2.027842308834785,1.8897565337438618,2.1659280839257082,0.0048160552978515625,0.0,95
Naive difference in means,3.4070922305548055,3.089535999383579,3.724648461726032,0.0,0.0,96
One-step (AIPW),1.88675003901745,1.756557800448649,2.016942277586251,0.0036649703979492188,0.0,96
TMLE (unweighted),1.8870803445502513,1.7564067893839093,2.0177538997165936,0.00551605224609375,0.0,96
TMLE (weighted),1.8867638855373126,1.7565354349372146,2.0169923361374105,0.005576133728027344,0.0,96
C-TMLE (greedy),1.8809130560500074,1.7509727709819838,2.010853341118031,80.01521396636963,0.0,96
C-TMLE (adaptive correlation),1.9007850101645107,1.7785589348843676,2.023011085444654,9.23946213722229,0.0,96
Oracle TMLE,1.8884874962459783,1.760044069430886,2.0169309230610706,0.003924846649169922,0.0,96
Naive difference in means,3.3494132549411284,3.0267860673606495,3.6720404425216073,0.0,0.0,97
One-step (AIPW),1.977386171640349,1.8381320787923277,2.11664026448837,0.0027799606323242188,0.0,97
TMLE (unweighted),1.9773213206136397,1.838051901170029,2.1165907400572506,0.004194974899291992,0.0,97
TMLE (weighted),1.9773802802863112,1.8381252793317013,2.116635281240921,0.00409698486328125,0.0,97
C-TMLE (greedy),2.0013835767819685,1.861466351228048,2.141300802335889,87.32918405532837,0.0,97
C-TMLE (adaptive correlation),1.989112738130004,1.8492064871301122,2.1290189891298956,13.795593023300171,0.0,97
Oracle TMLE,1.9770395308406534,1.8385884065847482,2.1154906550965586,0.004239082336425781,0.0,97
Naive difference in means,3.168966137410882,2.84194876557811,3.4959835092436538,0.0,0.0,98
One-step (AIPW),1.9834900965733313,1.84672061104515,2.1202595821015127,19.40613889694214,0.0,98
TMLE (unweighted),1.9840548650156813,1.8473876467008976,2.120722083330465,3.1466598510742188,0.0,98
TMLE (weighted),1.9835530846745955,1.8468084059674288,2.120297763381762,0.009170055389404297,0.0,98
C-TMLE (greedy),1.969721089832086,1.841584685548844,2.097857494115328,385.6380708217621,0.0,98
C-TMLE (adaptive correlation),1.9709476458855806,1.8485174009336212,2.09337789083754,47.71543216705322,0.0,98
Oracle TMLE,1.963456914738889,1.8286115948614152,2.0983022346163627,0.004249095916748047,0.0,98
Naive difference in means,3.1594684949074106,2.8448304059118747,3.4741065839029464,0.0,0.0,99
One-step (AIPW),1.9704426623802802,1.8257612228652973,2.115124101895263,0.0028150081634521484,0.0,99
TMLE (unweighted),1.9704847392381843,1.8258110623337651,2.1151584161426036,0.0042591094970703125,0.0,99
TMLE (weighted),1.9704415155753905,1.8257633835853462,2.115119647565435,0.004199028015136719,0.0,99
C-TMLE (greedy),1.9638375331924818,1.8358007649931856,2.091874301391778,197.76874208450317,0.0,99
C-TMLE (adaptive correlation),1.963898703054767,1.8357813333861888,2.092016072723345,1.7001709938049316,0.0,99
Oracle TMLE,1.9562368449584335,1.8116082023180562,2.100865487598811,0.004071950912475586,0.0,99
Naive difference in means,3.1592528474473855,2.8405417534810775,3.4779639414136936,0.0,0.0,100
One-step (AIPW),1.9754706238418696,1.8336739743593318,2.1172672733244076,0.0028460025787353516,0.0,100
TMLE (unweighted),1.9754820142594982,1.8337331401774397,2.1172308883415565,0.004364967346191406,0.0,100
TMLE (weighted),1.9754653035780652,1.833695331774876,2.1172352753812542,0.04551219940185547,0.0,100
C-TMLE (greedy),1.9587256329872338,1.8276167553056397,2.089834510668828,5.961640119552612,0.0,100
C-TMLE (adaptive correlation),1.9557715005649636,1.8301609470004063,2.081382054129521,1.9435300827026367,0.0,100
Oracle TMLE,1.9772262263564426,1.8374895837921028,2.1169628689207824,0.004236936569213867,0.0,100
Naive difference in means,2.82859980668287,2.520754380333597,3.136445233032143,0.0,0.5,1
One-step (AIPW),1.9620606450386593,1.8005545441748914,2.123566745902427,18.47135305404663,0.5,1
TMLE (unweighted),1.959581588877072,1.79942872029302,2.119734457461124,3.560595989227295,0.5,1
TMLE (weighted),1.9618204455858164,1.8005496473614837,2.123091243810149,0.010087966918945312,0.5,1
C-TMLE (greedy),1.9151698695102797,1.7757910525950393,2.05454868642552,474.0181360244751,0.5,1
C-TMLE (adaptive correlation),1.9342697915362097,1.8065500986487746,2.061989484423645,20.227374792099,0.5,1
Oracle TMLE,1.9310368655397463,1.7957110479520215,2.0663626831274713,0.004544973373413086,0.5,1
Naive difference in means,2.7880997228911166,2.4612050699670887,3.1149943758151446,0.0,0.5,2
One-step (AIPW),1.9104371701646394,1.7667545990855866,2.0541197412436922,0.0032651424407958984,0.5,2
TMLE (unweighted),1.909483610214495,1.7658073555912146,2.0531598648377756,0.004853963851928711,0.5,2
TMLE (weighted),1.9103584702064897,1.7666781606589976,2.054038779753982,0.004766941070556641,0.5,2
C-TMLE (greedy),1.9142746864201794,1.7856576533472888,2.04289171949307,125.49717998504639,0.5,2
C-TMLE (adaptive correlation),1.9122096500476853,1.7829641196438775,2.041455180451493,4.134875059127808,0.5,2
Oracle TMLE,1.9062829754250306,1.7654555067396394,2.0471104441104218,0.0038449764251708984,0.5,2
Naive difference in means,3.360920844468473,3.0412216527515668,3.6806200361853794,0.0,0.5,3
One-step (AIPW),2.1219392290250956,1.9779436193502067,2.2659348386999847,0.002782106399536133,0.5,3
TMLE (unweighted),2.1234854595431893,1.979394860476943,2.2675760586094356,0.004030942916870117,0.5,3
TMLE (weighted),2.1220363688771333,1.9780371499309206,2.266035587823346,0.003975868225097656,0.5,3
C-TMLE (greedy),2.1220363688771333,1.9780371499309206,2.266035587823346,42.09503984451294,0.5,3
C-TMLE (adaptive correlation),2.12218160578147,1.9779932083321654,2.266370003230775,7.563333034515381,0.5,3
Oracle TMLE,2.113507465188897,1.9810050941980044,2.2460098361797893,0.0045528411865234375,0.5,3
Naive difference in means,3.128890530089708,2.7998457608154905,3.457935299363925,0.0,0.5,4
One-step (AIPW),2.002355646025637,1.8396172367466328,2.1650940553046416,0.0032529830932617188,0.5,4
TMLE (unweighted),2.0018533412910364,1.8407168199519464,2.1629898626301265,0.004830837249755859,0.5,4
TMLE (weighted),2.0021553326023147,1.8398251419871139,2.1644855232175155,0.004809856414794922,0.5,4
C-TMLE (greedy),1.9426949605127333,1.8065700591816793,2.078819861843787,25.173614025115967,0.5,4
C-TMLE (adaptive correlation),1.9434061022605742,1.8116531829138733,2.0751590216072753,2.7926831245422363,0.5,4
Oracle TMLE,1.9629823319734367,1.8203188370503793,2.105645826896494,0.0039310455322265625,0.5,4
Naive difference in means,3.2515281992502656,2.923278512279618,3.579777886220913,0.0,0.5,5
One-step (AIPW),2.0031729548225905,1.8635357819650253,2.1428101276801557,18.47140884399414,0.5,5
TMLE (unweighted),2.0019407826824347,1.8631378619065635,2.140743703458306,3.5603749752044678,0.5,5
TMLE (weighted),2.0029992248151194,1.8636014241622534,2.1423970254679854,0.009300947189331055,0.5,5
C-TMLE (greedy),1.9523259107903561,1.8229815964394476,2.0816702251412647,352.5707221031189,0.5,5
C-TMLE (adaptive correlation),1.963437694536325,1.8360174301435552,2.090857958929095,17.458258867263794,0.5,5
Oracle TMLE,1.958966929408662,1.825978042810596,2.091955816006728,0.004369974136352539,0.5,5
Naive difference in means,3.26313733755579,2.940347562165352,3.585927112946228,0.0,0.5,6
One-step (AIPW),2.160292210861987,2.0186413399217735,2.3019430818022006,0.0027740001678466797,0.5,6
TMLE (unweighted),2.159908756418211,2.0182434315154967,2.301574081320925,0.004239082336425781,0.5,6
TMLE (weighted),2.160278659192721,2.0186268809909733,2.301930437394469,0.0042150020599365234,0.5,6
C-TMLE (greedy),2.1794476892174317,2.0384661260629313,2.320429252371932,88.09545183181763,0.5,6
C-TMLE (adaptive correlation),2.1602786591927203,2.0186268809909724,2.3019304373944682,16.178115844726562,0.5,6
Oracle TMLE,2.1096850922584744,1.973089672902049,2.2462805116149,0.0045239925384521484,0.5,6
Naive difference in means,3.1556985412373626,2.8224147796505767,3.4889823028241485,0.0,0.5,7
One-step (AIPW),2.1206448577219414,1.958364567086572,2.282925148357311,0.0031740665435791016,0.5,7
TMLE (unweighted),2.117267570430688,1.9581899595499972,2.276345181311379,0.004559040069580078,0.5,7
TMLE (weighted),2.120302998560695,1.958557143797912,2.2820488533234786,0.00436711311340332,0.5,7
C-TMLE (greedy),2.109711573750571,1.9642702178085831,2.2551529296925588,71.30878400802612,0.5,7
C-TMLE (adaptive correlation),2.120302998560695,1.958557143797912,2.2820488533234786,12.027513980865479,0.5,7
Oracle TMLE,2.0553806979106426,1.9215240415162023,2.189237354305083,0.004898786544799805,0.5,7
Naive difference in means,3.486327540503816,3.1761534911371267,3.7965015898705055,0.0,0.5,8
One-step (AIPW),2.1430832916355085,2.0051870629778192,2.2809795202931977,18.473671913146973,0.5,8
TMLE (unweighted),2.142724752583622,2.0044422758179925,2.2810072293492514,3.5603652000427246,0.5,8
TMLE (weighted),2.143085197595808,2.0051581262848233,2.2810122689067924,0.009266138076782227,0.5,8
C-TMLE (greedy),2.163776975094279,2.0401729014217307,2.2873810487668274,348.64681005477905,0.5,8
C-TMLE (adaptive correlation),2.1531458461122877,2.0337221501390887,2.2725695420854866,15.070933103561401,0.5,8
Oracle TMLE,2.074294048159523,1.949365146343248,2.1992229499757983,0.0038979053497314453,0.5,8
Naive difference in means,3.0887062640042915,2.7644813116044116,3.4129312164041714,0.0,0.5,9
One-step (AIPW),2.1457061668054496,2.00191262379374,2.289499709817159,0.0028219223022460938,0.5,9
TMLE (unweighted),2.145349361324935,2.0017099310040156,2.288988791645854,0.004168987274169922,0.5,9
TMLE (weighted),2.1456684535639363,2.0018928011365964,2.2894441059912762,0.004102945327758789,0.5,9
C-TMLE (greedy),2.134293488506508,1.9974499400738073,2.271137036939209,102.5508291721344,0.5,9
C-TMLE (adaptive correlation),2.1456684535639363,2.0018928011365964,2.2894441059912762,21.97395610809326,0.5,9
Oracle TMLE,2.143288336692438,2.012825293856864,2.273751379528012,0.00413203239440918,0.5,9
Naive difference in means,3.388745467099337,3.0706020107036904,3.706888923494984,0.0,0.5,10
One-step (AIPW),1.9965360093552207,1.8508953958947403,2.1421766228157013,0.0029020309448242188,0.5,10
TMLE (unweighted),1.9959326922723144,1.8501730406996244,2.1416923438450044,0.004391908645629883,0.5,10
TMLE (weighted),1.9964902205240838,1.8508391134848645,2.142141327563303,0.004357099533081055,0.5,10
C-TMLE (greedy),2.0122622900498897,1.8716221663940928,2.1529024137056867,115.314199924469,0.5,10
C-TMLE (adaptive correlation),2.0049052264886673,1.8674843187952093,2.1423261341821256,16.374758005142212,0.5,10
Oracle TMLE,2.013597975365635,1.8786679253845602,2.1485280253467094,0.00439000129699707,0.5,10
Naive difference in means,3.4997396686434876,3.1838251106444844,3.815654226642491,0.0,0.5,11
One-step (AIPW),2.148075862632242,2.0070452597741375,2.2891064654903466,20.828755855560303,0.5,11
TMLE (unweighted),2.1469394749712745,2.006152176285035,2.2877267736575138,3.560472011566162,0.5,11
TMLE (weighted),2.148023780738312,2.0070714618311465,2.2889760996454775,0.010548830032348633,0.5,11
C-TMLE (greedy),2.1731745530667586,2.033489836857049,2.3128592692764682,132.41693997383118,0.5,11
C-TMLE (adaptive correlation),2.174804714766694,2.047654174326427,2.3019552552069604,4.6512720584869385,0.5,11
Oracle TMLE,2.150441260174136,2.0189475153710275,2.281935004977244,0.0041849613189697266,0.5,11
Naive difference in means,2.9632364286225945,2.6414544803223357,3.2850183769228534,0.0,0.5,12
One-step (AIPW),1.8951962291850897,1.765587112591767,2.0248053457784123,0.002988100051879883,0.5,12
TMLE (unweighted),1.8949664663647372,1.7653708165859752,2.0245621161434992,0.004392147064208984,0.5,12
TMLE (weighted),1.8951806034342062,1.7655740295943385,2.024787177274074,0.00432586669921875,0.5,12
C-TMLE (greedy),1.905770779592438,1.7831533878256167,2.0283881713592593,45.743276834487915,0.5,12
C-TMLE (adaptive correlation),1.902451067310565,1.7796204734688725,2.0252816611522575,7.298987150192261,0.5,12
Oracle TMLE,1.9202215051821068,1.7966513812727218,2.043791629091492,0.004789113998413086,0.5,12
Naive difference in means,3.1825713014690966,2.873008033137306,3.4921345698008874,0.0,0.5,13
One-step (AIPW),1.9299354768108479,1.7876143084546623,2.0722566451670335,0.0032470226287841797,0.5,13
TMLE (unweighted),1.9310003920857657,1.7886708391002926,2.073329945071239,0.005217075347900391,0.5,13
TMLE (weighted),1.9300141957674706,1.7876989857892098,2.072329405745731,0.04880714416503906,0.5,13
C-TMLE (greedy),1.9144860488990318,1.7929996609630054,2.035972436835058,54.316564083099365,0.5,13
C-TMLE (adaptive correlation),1.9144608930149762,1.7928069278437022,2.03611485818625,10.269463062286377,0.5,13
Oracle TMLE,1.913968514057693,1.785791899612245,2.0421451285031407,0.004439830780029297,0.5,13
Naive difference in means,3.0757777561265787,2.7543353247077014,3.397220187545456,0.0,0.5,14
One-step (AIPW),2.0448647049836066,1.9000738468278464,2.189655563139367,21.088085889816284,0.5,14
TMLE (unweighted),2.0449643041932313,1.9000931860003285,2.189835422386134,3.3011679649353027,0.5,14
TMLE (weighted),2.044879084095684,1.9000814090027778,2.1896767591885906,0.010537862777709961,0.5,14
C-TMLE (greedy),2.0418048531135446,1.9142246552830788,2.1693850509440105,89.02760696411133,0.5,14
C-TMLE (adaptive correlation),2.039863965541266,1.913822296791668,2.1659056342908642,9.442032098770142,0.5,14
Oracle TMLE,2.002197988875176,1.8675402587871532,2.1368557189631994,4.386101007461548,0.5,14
Naive difference in means,3.229341024039481,2.9059677959971983,3.5527142520817634,0.0,0.5,15
One-step (AIPW),2.160266104631713,1.9931939198843427,2.3273382893790835,0.004225015640258789,0.5,15
TMLE (unweighted),2.158440736082922,1.9881941853537608,2.328687286812083,0.004669904708862305,0.5,15
TMLE (weighted),2.1601896413594095,1.992917142817194,2.327462139901625,0.004434108734130859,0.5,15
C-TMLE (greedy),2.1901150570648666,2.0446767017712553,2.335553412358478,67.3090980052948,0.5,15
C-TMLE (adaptive correlation),2.16018964135941,1.9929171428171941,2.3274621399016255,16.376112937927246,0.5,15
Oracle TMLE,2.1355725419384655,2.0008239069040776,2.2703211769728533,0.004570960998535156,0.5,15
Naive difference in means,2.9970377925607496,2.683905657869071,3.3101699272524283,0.0,0.5,16
One-step (AIPW),2.0711304761279137,1.9070237015402889,2.2352372507155382,0.0031690597534179688,0.5,16
TMLE (unweighted),2.0651213984718497,1.9096761132600704,2.220566683683629,0.004773139953613281,0.5,16
TMLE (weighted),2.0708485403775674,1.907843220335355,2.2338538604197797,0.004719972610473633,0.5,16
C-TMLE (greedy),2.007293407238654,1.8750742225577197,2.1395125919195883,98.04927182197571,0.5,16
C-TMLE (adaptive correlation),2.010921526330342,1.883567396489967,2.1382756561707175,8.84968113899231,0.5,16
Oracle TMLE,1.9916392367631965,1.854923477757282,2.128354995769111,0.00459599494934082,0.5,16
Naive difference in means,3.2101688863786713,2.8989862275744187,3.521351545182924,0.0,0.5,17
One-step (AIPW),2.088869208714515,1.9283026169652262,2.2494358004638038,21.08672595024109,0.5,17
TMLE (unweighted),2.088676418098694,1.9290396743815914,2.2483131618157963,3.3011538982391357,0.5,17
TMLE (weighted),2.0889574979476744,1.9285719809084956,2.249343014986853,0.010548830032348633,0.5,17
C-TMLE (greedy),2.1207632131325314,1.9771028750973592,2.2644235511677038,161.343120098114,0.5,17
C-TMLE (adaptive correlation),2.1321001686941248,1.9952835459326435,2.2689167914556063,16.004036903381348,0.5,17
Oracle TMLE,2.100929039925615,1.9530603092716368,2.248797770579593,0.0048258304595947266,0.5,17
Naive difference in means,3.0116910632431653,2.671694009824644,3.3516881166616868,0.0,0.5,18
One-step (AIPW),2.0291978274638462,1.894212770546862,2.1641828843808306,0.0033111572265625,0.5,18
TMLE (unweighted),2.0300973307657535,1.895026364747661,2.165168296783846,0.00481414794921875,0.5,18
TMLE (weighted),2.0292684652082453,1.8942767962293228,2.1642601341871677,0.004642963409423828,0.5,18
C-TMLE (greedy),2.0488428360128967,1.9123329701546012,2.1853527018711922,102.39804601669312,0.5,18
C-TMLE (adaptive correlation),2.0439065858283865,1.9097458570536268,2.178067314603146,32.6123309135437,0.5,18
Oracle TMLE,2.019603335639303,1.8895922178275533,2.149614453451053,0.005509138107299805,0.5,18
Naive difference in means,3.120885289008251,2.8006981905820427,3.4410723874344593,0.0,0.5,19
One-step (AIPW),1.92252002706943,1.7806830603104913,2.0643569938283686,0.0034568309783935547,0.5,19
TMLE (unweighted),1.9222813865286852,1.780461757667279,2.0641010153900914,0.0049130916595458984,0.5,19
TMLE (weighted),1.922502305908331,1.7806685670768196,2.0643360447398424,0.004720211029052734,0.5,19
C-TMLE (greedy),1.9313129609137367,1.800231198540546,2.0623947232869275,349.86556100845337,0.5,19
C-TMLE (adaptive correlation),1.9346104295510982,1.8061876603737421,2.063033198728454,6.354568958282471,0.5,19
Oracle TMLE,1.9084281542559793,1.770536644272656,2.0463196642393027,0.004698991775512695,0.5,19
Naive difference in means,3.1006020294660885,2.764750258527618,3.4364538004045593,0.0,0.5,20
One-step (AIPW),1.9757359066420077,1.8282974823657163,2.123174330918299,18.46270203590393,0.5,20
TMLE (unweighted),1.9756505542116254,1.8282397086791575,2.1230613997440932,3.5603749752044678,0.5,20
TMLE (weighted),1.9757249098144118,1.8282895925692748,2.123160227059549,0.009313821792602539,0.5,20
C-TMLE (greedy),2.0059798263296016,1.8718605663238057,2.1400990863353972,416.78154397010803,0.5,20
C-TMLE (adaptive correlation),2.0090781475941175,1.8718040958816733,2.1463521993065617,30.86149501800537,0.5,20
Oracle TMLE,1.9629691670232599,1.8267167858623072,2.0992215481842122,0.004853010177612305,0.5,20
Naive difference in means,3.254549068734641,2.931104103510817,3.577994033958465,0.0,0.5,21
One-step (AIPW),2.0075294910951387,1.8750682444275368,2.1399907377627403,0.0035669803619384766,0.5,21
TMLE (unweighted),2.0069344570083447,1.8743751982862602,2.139493715730429,0.005277872085571289,0.5,21
TMLE (weighted),2.007486479307398,1.8750142107980894,2.1399587478167064,0.0052030086517333984,0.5,21
C-TMLE (greedy),2.0137527203038497,1.8929925583944578,2.1345128822132415,114.34694194793701,0.5,21
C-TMLE (adaptive correlation),2.0074864793073974,1.875014210798089,2.139958747816706,27.263362884521484,0.5,21
Oracle TMLE,1.9652296963141322,1.832371504474119,2.0980878881541454,0.0044329166412353516,0.5,21
Naive difference in means,3.5493459940317305,3.2310429307649255,3.8676490572985354,0.0,0.5,22
One-step (AIPW),1.9633015856783924,1.8098013520654508,2.116801819291334,0.002910137176513672,0.5,22
TMLE (unweighted),1.9598798132610016,1.8065192116776867,2.1132404148443165,0.004395961761474609,0.5,22
TMLE (weighted),1.9631145114410644,1.8096851134391636,2.116543909442965,0.004344940185546875,0.5,22
C-TMLE (greedy),1.9386631660466533,1.7911823299721703,2.086144002121136,60.1557719707489,0.5,22
C-TMLE (adaptive correlation),1.9796356660218746,1.8516537404508049,2.1076175915929443,2.9033470153808594,0.5,22
Oracle TMLE,1.9705792444550259,1.8343076793131774,2.1068508095968745,0.0038590431213378906,0.5,22
Naive difference in means,3.5515471162330075,3.231865576089628,3.871228656376387,0.0,0.5,23
One-step (AIPW),2.219897183586842,2.0663121516870295,2.373482215486655,18.471265077590942,0.5,23
TMLE (unweighted),2.2214353779059857,2.070412295906197,2.3724584599057743,3.5603528022766113,0.5,23
TMLE (weighted),2.22011366514093,2.0669211089894883,2.3733062212923715,0.009528875350952148,0.5,23
C-TMLE (greedy),2.2073097867149682,2.0616672586396123,2.352952314790324,361.9837279319763,0.5,23
C-TMLE (adaptive correlation),2.2207587141884004,2.0662753430185843,2.3752420853582166,21.138003826141357,0.5,23
Oracle TMLE,2.195630843071404,2.0521237113601973,2.339137974782611,0.0046880245208740234,0.5,23
Naive difference in means,3.4949181235181883,3.171496203418438,3.8183400436179387,0.0,0.5,24
One-step (AIPW),2.2131698090225598,2.0442112208879357,2.382128397157184,0.0035130977630615234,0.5,24
TMLE (unweighted),2.202493372885255,2.0429462677981385,2.362040477972372,0.005190134048461914,0.5,24
TMLE (weighted),2.2122039492337344,2.04486680173997,2.379541096727499,0.005109071731567383,0.5,24
C-TMLE (greedy),2.144625818599154,1.995011288830442,2.2942403483678655,99.54572892189026,0.5,24
C-TMLE (adaptive correlation),2.1637567789239682,2.006765244973613,2.3207483128743234,28.594674110412598,0.5,24
Oracle TMLE,2.128506097828051,1.994038134441073,2.262974061215029,0.00469517707824707,0.5,24
Naive difference in means,2.965160395108475,2.6318818286249024,3.2984389615920473,0.0,0.5,25
One-step (AIPW),1.9570271706080955,1.810605623235209,2.103448717980982,0.0031290054321289062,0.5,25
TMLE (unweighted),1.9527102121688689,1.8091311772077534,2.0962892471299845,0.004731893539428711,0.5,25
TMLE (weighted),1.9567691871628519,1.810705891955839,2.1028324823698648,0.0047969818115234375,0.5,25
C-TMLE (greedy),1.9171560429791994,1.786567746292688,2.0477443396657105,87.50963711738586,0.5,25
C-TMLE (adaptive correlation),1.9203911733168106,1.7860900931401358,2.0546922534934855,12.078513860702515,0.5,25
Oracle TMLE,1.9425495386617373,1.807979389886585,2.07711968743689,0.0042798519134521484,0.5,25
Naive difference in means,3.2365628724624913,2.9162405481526763,3.5568851967723063,0.0,0.5,26
One-step (AIPW),1.9666671992235707,1.815287253465018,2.1180471449821234,18.469972848892212,0.5,26
TMLE (unweighted),1.9643910645750857,1.81320067458245,2.1155814545677214,2.9508578777313232,0.5,26
TMLE (weighted),1.966532911427019,1.81519470712449,2.117871115729548,0.02096390724182129,0.5,26
C-TMLE (greedy),1.947153965974047,1.804255921265807,2.090052010682287,150.19045114517212,0.5,26
C-TMLE (adaptive correlation),1.9818046736487607,1.8555000828374242,2.108109264460097,7.304459095001221,0.5,26
Oracle TMLE,1.98575155995853,1.8506401352012434,2.1208629847158167,2.5167489051818848,0.5,26
Naive difference in means,2.921812160118097,2.6042639832642864,3.2393603369719077,0.0,0.5,27
One-step (AIPW),2.02324023613228,1.877481756179425,2.168998716085135,0.002910137176513672,0.5,27
TMLE (unweighted),2.020566107727288,1.8757658104466388,2.165366405007937,0.004125118255615234,0.5,27
TMLE (weighted),2.0229949227633397,1.8774657474413035,2.168524098085376,0.004055023193359375,0.5,27
C-TMLE (greedy),2.0646933866945703,1.9404772649304627,2.1889095084586776,50.9335880279541,0.5,27
C-TMLE (adaptive correlation),2.0646933866945703,1.9404772649304627,2.1889095084586776,5.880266904830933,0.5,27
Oracle TMLE,2.010153965632831,1.8823008128996723,2.1380071183659894,0.004374027252197266,0.5,27
Naive difference in means,3.219876468244489,2.8972719154265283,3.54248102106245,0.0,0.5,28
One-step (AIPW),1.9808459470241793,1.833707755709129,2.1279841383392295,0.026659011840820312,0.5,28
TMLE (unweighted),1.9835448384942742,1.8368245707957829,2.1302651061927658,0.004544973373413086,0.5,28
TMLE (weighted),1.981056608398825,1.8339854053002485,2.128127811497402,0.004138946533203125,0.5,28
C-TMLE (greedy),1.9538370801301421,1.8259822469439673,2.081691913316317,89.41839790344238,0.5,28
C-TMLE (adaptive correlation),1.957529398622433,1.8294489633324003,2.0856098339124656,17.934406042099,0.5,28
Oracle TMLE,1.9573917087842503,1.8237379760455161,2.0910454415229847,0.004606008529663086,0.5,28
Naive difference in means,3.3548183396846247,3.03548812422076,3.6741485551484896,0.0,0.5,29
One-step (AIPW),2.0170826716194585,1.8732397299808585,2.1609256132580588,0.0033102035522460938,0.5,29
TMLE (unweighted),2.017243330016755,1.8733820770105158,2.161104583022994,0.004908084869384766,0.5,29
TMLE (weighted),2.017098163413264,1.873252852487542,2.1609434743389864,0.004840850830078125,0.5,29
C-TMLE (greedy),1.9996559988720124,1.8631855383178326,2.136126459426192,96.99445295333862,0.5,29
C-TMLE (adaptive correlation),2.0172502375650074,1.873592056216837,2.160908418913178,18.894315004348755,0.5,29
Oracle TMLE,2.0271288413667263,1.8919954191434767,2.162262263589976,0.004723787307739258,0.5,29
Naive difference in means,3.1059988429875194,2.785431437415034,3.426566248560005,0.0,0.5,30
One-step (AIPW),2.0970383412832594,1.952391081228446,2.241685601338073,16.52456307411194,0.5,30
TMLE (unweighted),2.100168268996708,1.955664786003083,2.244671751990333,2.9508261680603027,0.5,30
TMLE (weighted),2.0973283812510015,1.9529084145620483,2.241748347939955,0.020978927612304688,0.5,30
C-TMLE (greedy),2.0452477518461682,1.9215288520298186,2.168966651662518,234.5282211303711,0.5,30
C-TMLE (adaptive correlation),2.0465046201914547,1.9209595447891517,2.172049695593758,30.112863063812256,0.5,30
Oracle TMLE,2.0584579041374975,1.9222009102413313,2.1947148980336637,0.004652976989746094,0.5,30
Naive difference in means,3.241216791170278,2.9307099118913778,3.551723670449178,0.0,0.5,31
One-step (AIPW),2.024197961234908,1.883025765798828,2.1653701566709884,0.0034580230712890625,0.5,31
TMLE (unweighted),2.0276062684440745,1.8869782460326123,2.168234290855537,0.00513005256652832,0.5,31
TMLE (weighted),2.024511745131583,1.8834792715284,2.1655442187347664,0.0049932003021240234,0.5,31
C-TMLE (greedy),1.9855412018517655,1.8609608560675988,2.110121547635932,167.99142789840698,0.5,31
C-TMLE (adaptive correlation),1.9965026542984392,1.8739668106172793,2.119038497979599,10.307038068771362,0.5,31
Oracle TMLE,2.028306726985153,1.8972568137172214,2.1593566402530846,0.0040760040283203125,0.5,31
Naive difference in means,3.1798047000021326,2.868683078237025,3.49092632176724,0.0,0.5,32
One-step (AIPW),2.072275894068139,1.9438905131844586,2.2006612749518193,0.002974987030029297,0.5,32
TMLE (unweighted),2.072551386661423,1.9440881552194622,2.2010146181033843,0.00433802604675293,0.5,32
TMLE (weighted),2.0722942000688382,1.9439015131406965,2.20068688699698,0.004335880279541016,0.5,32
C-TMLE (greedy),2.044983558559793,1.9178216525741911,2.1721454645453946,50.9441192150116,0.5,32
C-TMLE (adaptive correlation),2.067035245690835,1.9475220749798952,2.1865484164017746,12.922625064849854,0.5,32
Oracle TMLE,2.065370677429116,1.9356560990222442,2.195085255835988,0.003894805908203125,0.5,32
Naive difference in means,3.298865325773444,2.977597092216549,3.620133559330339,0.0,0.5,33
One-step (AIPW),2.0355527012600825,1.882170419111988,2.188934983408177,16.536053895950317,0.5,33
TMLE (unweighted),2.0330343915070106,1.880834538654894,2.1852342443591275,2.9508299827575684,0.5,33
TMLE (weighted),2.0352476700781215,1.8819909845218634,2.1885043556343797,0.020994186401367188,0.5,33
C-TMLE (greedy),2.0280097051612858,1.9028842583159382,2.1531351520066333,306.88850712776184,0.5,33
C-TMLE (adaptive correlation),2.023152080307689,1.8979810900396754,2.1483230705757026,27.773005962371826,0.5,33
Oracle TMLE,2.054976786571638,1.9264429337924291,2.1835106393508465,0.0041370391845703125,0.5,33
Naive difference in means,3.1497158470879625,2.8174960244689364,3.4819356697069885,0.0,0.5,34
One-step (AIPW),2.18741151437682,2.0417292517720265,2.333093776981613,0.003548860549926758,0.5,34
TMLE (unweighted),2.187428658721366,2.041749178678396,2.333108138764336,0.005409955978393555,0.5,34
TMLE (weighted),2.1874034858497224,2.04172109712336,2.333085874576085,0.005335092544555664,0.5,34
C-TMLE (greedy),2.160979970951181,2.0161600699231963,2.3057998719791657,184.56578493118286,0.5,34
C-TMLE (adaptive correlation),2.185559236633919,2.058955431874766,2.3121630413930725,7.081937074661255,0.5,34
Oracle TMLE,2.1680585316632697,2.0354852859184294,2.30063177740811,0.004558086395263672,0.5,34
Naive difference in means,3.239406364878676,2.9080043756122644,3.5708083541450875,0.0,0.5,35
One-step (AIPW),1.9738511030542107,1.833519101884272,2.1141831042241495,0.0034220218658447266,0.5,35
TMLE (unweighted),1.9735230280028422,1.833250929161317,2.113795126844367,0.005200862884521484,0.5,35
TMLE (weighted),1.9738336004716992,1.833519930833807,2.114147270109591,0.00508880615234375,0.5,35
C-TMLE (greedy),1.9998031718049123,1.869922250771586,2.1296840928382386,40.40778708457947,0.5,35
C-TMLE (adaptive correlation),1.9862720873010693,1.8629528111126752,2.1095913634894634,3.639693021774292,0.5,35
Oracle TMLE,1.9826359438891912,1.8489314209992675,2.116340466779115,0.003941059112548828,0.5,35
Naive difference in means,3.5075246090264165,3.1855953858449437,3.8294538322078893,0.0,0.5,36
One-step (AIPW),1.999822599563525,1.8738803990227428,2.1257648001043075,18.469897031784058,0.5,36
TMLE (unweighted),1.9998705107171995,1.873910411573031,2.1258306098613677,2.9508349895477295,0.5,36
TMLE (weighted),1.999822906693361,1.8738790775067218,2.12576673588,0.021234989166259766,0.5,36
C-TMLE (greedy),1.9734626355938958,1.8463994124139458,2.100525858773846,146.67669701576233,0.5,36
C-TMLE (adaptive correlation),1.997734181980805,1.873235985590488,2.122232378371122,13.652383089065552,0.5,36
Oracle TMLE,1.959813709477272,1.832387384107439,2.087240034847105,0.0041010379791259766,0.5,36
Naive difference in means,3.215298649989667,2.8881901975318227,3.5424071024475117,0.0,0.5,37
One-step (AIPW),1.8918885530730323,1.6906644652898555,2.093112640856209,0.004197835922241211,0.5,37
TMLE (unweighted),1.9089542728927993,1.733720031738331,2.0841885140472676,0.08934211730957031,0.5,37
TMLE (weighted),1.8935731018236779,1.695145278666087,2.0920009249812686,0.0054662227630615234,0.5,37
C-TMLE (greedy),1.9686563793880931,1.8369206390645778,2.1003921197116084,87.02016401290894,0.5,37
C-TMLE (adaptive correlation),1.9822610300517607,1.8583355503873236,2.106186509716198,8.034879922866821,0.5,37
Oracle TMLE,1.9626093972072585,1.8275206618748796,2.0976981325396373,0.004022836685180664,0.5,37
Naive difference in means,3.3905898494672595,3.0675970466513944,3.7135826522831246,0.0,0.5,38
One-step (AIPW),2.0289496928595234,1.8849615009043503,2.1729378848146967,0.0028259754180908203,0.5,38
TMLE (unweighted),2.0309951887891775,1.8875361623286437,2.1744542152497113,0.0040950775146484375,0.5,38
TMLE (weighted),2.029107561467976,1.8852297708123547,2.172985352123597,0.004015922546386719,0.5,38
C-TMLE (greedy),1.9920657266582007,1.8551244871705088,2.1290069661458926,122.82555198669434,0.5,38
C-TMLE (adaptive correlation),2.0154392346952767,1.8848350811266106,2.146043388263943,21.81266498565674,0.5,38
Oracle TMLE,2.049785811912415,1.9178256436966092,2.181745980128221,0.004603147506713867,0.5,38
Naive difference in means,3.180045667327385,2.8519051673759908,3.5081861672787795,0.0,0.5,39
One-step (AIPW),1.9629753026624295,1.8278949175066024,2.0980556878182566,18.469892978668213,0.5,39
TMLE (unweighted),1.9629940337206893,1.8281134209661858,2.0978746464751925,2.950850009918213,0.5,39
TMLE (weighted),1.9629947484153722,1.8279535948677144,2.0980359019630304,0.020977020263671875,0.5,39
C-TMLE (greedy),1.9739666483486547,1.84269706457429,2.105236232123019,197.35896515846252,0.5,39
C-TMLE (adaptive correlation),1.9703648457184422,1.8467057298510074,2.0940239615858767,26.815169095993042,0.5,39
Oracle TMLE,2.010996845678148,1.8786136768269015,2.143380014529394,0.005300045013427734,0.5,39
Naive difference in means,3.4559491707289802,3.130695171325845,3.7812031701321156,0.0,0.5,40
One-step (AIPW),1.9309066445642777,1.7906753617363314,2.071137927392224,0.003389120101928711,0.5,40
TMLE (unweighted),1.9296940604753725,1.7895949895502261,2.069793131400519,0.005030155181884766,0.5,40
TMLE (weighted),1.93085186480532,1.7906484024775242,2.0710553271331156,0.005554914474487305,0.5,40
C-TMLE (greedy),1.9298645711151035,1.7856850888747846,2.0740440533554225,188.60866284370422,0.5,40
C-TMLE (adaptive correlation),1.9427914126929813,1.8147181227626046,2.070864702623358,12.831293106079102,0.5,40
Oracle TMLE,1.949512588455265,1.8102161789711222,2.0888089979394078,0.09055304527282715,0.5,40
Naive difference in means,2.7593226964050936,2.4423229265730253,3.076322466237162,0.0,0.5,41
One-step (AIPW),1.8942239713441484,1.7544403226747554,2.0340076200135417,0.0036191940307617188,0.5,41
TMLE (unweighted),1.8946498307700113,1.7551508712550121,2.0341487902850104,0.004229068756103516,0.5,41
TMLE (weighted),1.8942132248039187,1.754489124952762,2.033937324655075,0.0039920806884765625,0.5,41
C-TMLE (greedy),1.8627137572633718,1.7217243549110486,2.003703159615695,71.21697688102722,0.5,41
C-TMLE (adaptive correlation),1.8723484201622969,1.7369851049285376,2.007711735396056,12.79207992553711,0.5,41
Oracle TMLE,1.9039555433172881,1.7714704751222645,2.0364406115123117,0.004307985305786133,0.5,41
Naive difference in means,3.1133369053707014,2.792502662514838,3.434171148226565,0.0,0.5,42
One-step (AIPW),2.025161606764432,1.882050333106751,2.1682728804221125,16.524615049362183,0.5,42
TMLE (unweighted),2.0246027755726774,1.88157037102138,2.167635180123975,2.9508330821990967,0.5,42
TMLE (weighted),2.0251213655037206,1.8820289496100802,2.168213781397361,0.020989179611206055,0.5,42
C-TMLE (greedy),2.0183196090410793,1.8813505278552722,2.1552886902268864,170.37162494659424,0.5,42
C-TMLE (adaptive correlation),2.0279079008778913,1.8866907003924362,2.1691251013633464,25.28389310836792,0.5,42
Oracle TMLE,2.0325853719181244,1.9019554881703182,2.1632152556659308,0.006453037261962891,0.5,42
Naive difference in means,3.2040293126592285,2.8999947454784123,3.5080638798400448,0.0,0.5,43
One-step (AIPW),2.085137404331952,1.9362091878614602,2.234065620802444,0.004195213317871094,0.5,43
TMLE (unweighted),2.088510044306687,1.9402208258079796,2.2367992628053948,0.0059659481048583984,0.5,43
TMLE (weighted),2.0854184501921122,1.9366739661135517,2.234162934270673,0.005584001541137695,0.5,43
C-TMLE (greedy),2.085418450192113,1.9366739661135526,2.2341629342706737,120.59591388702393,0.5,43
C-TMLE (adaptive correlation),2.074996424099907,1.9366336480365836,2.21335920016323,30.23858094215393,0.5,43
Oracle TMLE,2.0711973597777216,1.9379019233430046,2.2044927962124383,0.004499912261962891,0.5,43
Naive difference in means,3.2321583071659585,2.902718356570014,3.561598257761903,0.0,0.5,44
One-step (AIPW),1.9353692902895823,1.7675672871361714,2.103171293442993,0.0032699108123779297,0.5,44
TMLE (unweighted),1.9376430872748955,1.7726157267025926,2.1026704478471987,0.004976034164428711,0.5,44
TMLE (weighted),1.9355275297640735,1.7681283030458375,2.1029267564823093,0.004742860794067383,0.5,44
C-TMLE (greedy),1.9631992040637616,1.8305128165463762,2.0958855915811467,69.38175821304321,0.5,44
C-TMLE (adaptive correlation),1.935693351624051,1.7712497406376684,2.100136962610434,28.15282917022705,0.5,44
Oracle TMLE,1.9744916167938478,1.8288968478221617,2.120086385765534,0.004080057144165039,0.5,44
Naive difference in means,3.1101524818968485,2.7955241050072797,3.4247808587864172,0.0,0.5,45
One-step (AIPW),1.946541238747387,1.8071671856531515,2.0859152918416224,18.468886137008667,0.5,45
TMLE (unweighted),1.946578432623953,1.8072169944844185,2.0859398707634873,2.9508509635925293,0.5,45
TMLE (weighted),1.94654523255825,1.80717276311554,2.08591770200096,0.02096104621887207,0.5,45
C-TMLE (greedy),1.954872559430864,1.8272004679843983,2.0825446508773298,489.23513197898865,0.5,45
C-TMLE (adaptive correlation),1.95085561455624,1.8170643423024373,2.0846468868100425,25.06488609313965,0.5,45
Oracle TMLE,1.9313233746020886,1.8003322357974225,2.0623145134067546,0.004601001739501953,0.5,45
Naive difference in means,3.166512015218516,2.852342262355394,3.4806817680816384,0.0,0.5,46
One-step (AIPW),1.9925049615272825,1.8520754106059478,2.1329345124486174,0.0036728382110595703,0.5,46
TMLE (unweighted),1.9989911353813814,1.8588453420425153,2.1391369287202475,0.005507946014404297,0.5,46
TMLE (weighted),1.9928959166737528,1.8525728646790787,2.1332189686684266,0.005286216735839844,0.5,46
C-TMLE (greedy),1.9664362820153882,1.8271466322118741,2.105725931818902,72.07888293266296,0.5,46
C-TMLE (adaptive correlation),1.966864334235372,1.835213377110616,2.098515291360128,10.274878978729248,0.5,46
Oracle TMLE,1.956555758744088,1.8235397994998206,2.0895717179883557,0.00432896614074707,0.5,46
Naive difference in means,3.171636659558454,2.8526060221118423,3.4906672970050656,0.0,0.5,47
One-step (AIPW),1.9213281057564573,1.777663243814387,2.0649929676985277,0.0028638839721679688,0.5,47
TMLE (unweighted),1.9248758312825758,1.7815614814201328,2.068190181145019,0.004354953765869141,0.5,47
TMLE (weighted),1.9215961232149328,1.7780779884104525,2.0651142580194133,0.0043659210205078125,0.5,47
C-TMLE (greedy),1.8818763179203448,1.756787133950404,2.0069655018902854,16.37044095993042,0.5,47
C-TMLE (adaptive correlation),1.8827454000457144,1.7547425865938489,2.01074821349758,4.967205047607422,0.5,47
Oracle TMLE,1.899761557725861,1.7658433697535618,2.0336797456981603,0.0041790008544921875,0.5,47
Naive difference in means,3.2311859024956227,2.9161958170919364,3.546175987899309,0.0,0.5,48
One-step (AIPW),2.0209948922514016,1.8800249892545953,2.161964795248208,16.52347707748413,0.5,48
TMLE (unweighted),2.0208608192636395,1.879884372443496,2.1618372660837832,2.94893217086792,0.5,48
TMLE (weighted),2.020986318846965,1.8800163065417974,2.161956331152133,0.021491050720214844,0.5,48
C-TMLE (greedy),2.044719653659941,1.9101330955668643,2.1793062117530178,513.2441289424896,0.5,48
C-TMLE (adaptive correlation),2.025493332419916,1.8832424028632835,2.167744261976549,15.744868040084839,0.5,48
Oracle TMLE,2.0578530251058282,1.9304730385597548,2.1852330116519014,0.004477977752685547,0.5,48
Naive difference in means,3.2711649132700384,2.9526457109334436,3.5896841156066333,0.0,0.5,49
One-step (AIPW),1.9488546993366829,1.8100923374371827,2.087617061236183,0.0030748844146728516,0.5,49
TMLE (unweighted),1.9491991784952793,1.8103566450746669,2.0880417119158916,0.004483938217163086,0.5,49
TMLE (weighted),1.9488831657039327,1.8101180354595865,2.087648295948279,0.00446319580078125,0.5,49
C-TMLE (greedy),1.9402269580059377,1.8055217413834694,2.074932174628406,63.86267590522766,0.5,49
C-TMLE (adaptive correlation),1.9336846593051435,1.805748085715548,2.061621232894739,6.577342987060547,0.5,49
Oracle TMLE,1.9570666904358673,1.824155897578557,2.0899774832931777,0.004163026809692383,0.5,49
Naive difference in means,3.0926252528989084,2.77603965024604,3.409210855551777,0.0,0.5,50
One-step (AIPW),1.9941694615281196,1.8502755957449857,2.1380633273112535,0.0028808116912841797,0.5,50
TMLE (unweighted),1.994202907363777,1.850380427203246,2.138025387524308,0.004302978515625,0.5,50
TMLE (weighted),1.9941722687811296,1.8502877357244785,2.138056801837781,0.004230022430419922,0.5,50
C-TMLE (greedy),1.9983534388350273,1.8653980137327952,2.1313088639372593,32.354135036468506,0.5,50
C-TMLE (adaptive correlation),1.9962257600187685,1.852032977325776,2.140418542711761,7.2139809131622314,0.5,50
Oracle TMLE,1.9843022155865955,1.8463720577460334,2.1222323734271575,0.004364013671875,0.5,50
Naive difference in means,2.712881529560608,2.3885151662008033,3.037247892920413,0.0,0.5,51
One-step (AIPW),2.0070896132111007,1.8739205955179008,2.1402586309043006,23.005943059921265,0.5,51
TMLE (unweighted),2.0075572870046883,1.874215375330392,2.1408991986789845,3.9328269958496094,0.5,51
TMLE (weighted),2.007176246168098,1.8740119435108462,2.14034054882535,0.012445926666259766,0.5,51
C-TMLE (greedy),2.013584592058701,1.8846784975572866,2.1424906865601154,165.42054796218872,0.5,51
C-TMLE (adaptive correlation),2.0071762461680978,1.8740119435108458,2.1403405488253497,34.93586492538452,0.5,51
Oracle TMLE,1.9981955351686274,1.8708144814353314,2.1255765889019234,5.335606098175049,0.5,51
Naive difference in means,3.35803336637454,3.029092469511083,3.686974263237997,0.0,0.5,52
One-step (AIPW),2.086428450510216,1.941339916306251,2.231516984714181,0.005613088607788086,0.5,52
TMLE (unweighted),2.0891418415690106,1.9448127900604457,2.2334708930775755,0.007848978042602539,0.5,52
TMLE (weighted),2.086640842454641,1.941726884395422,2.2315548005138606,0.007866859436035156,0.5,52
C-TMLE (greedy),2.057030550834853,1.9328718432084355,2.1811892584612704,140.4635510444641,0.5,52
C-TMLE (adaptive correlation),2.0919573844250317,1.950909315590422,2.2330054532596413,45.061126947402954,0.5,52
Oracle TMLE,2.054632573975418,1.9268239149631219,2.1824412329877143,0.00914907455444336,0.5,52
Naive difference in means,3.4079955191958162,3.091957938072402,3.7240331003192306,0.0,0.5,53
One-step (AIPW),2.147995947372268,1.9683567386155307,2.3276351561290056,0.006823062896728516,0.5,53
TMLE (unweighted),2.1471602109088734,1.9683519864543504,2.3259684353633965,0.010410070419311523,0.5,53
TMLE (weighted),2.147825445036476,1.9682836316817869,2.3273672583911655,0.010277032852172852,0.5,53
C-TMLE (greedy),2.1190062201392688,1.9805286033237217,2.257483836954816,134.88662910461426,0.5,53
C-TMLE (adaptive correlation),2.131364458859217,2.008360328342679,2.254368589375755,10.612833023071289,0.5,53
Oracle TMLE,2.1127513000241778,1.9799651161213878,2.2455374839269675,0.008638858795166016,0.5,53
Naive difference in means,3.2424058437209196,2.9203374536170417,3.5644742338247974,0.0,0.5,54
One-step (AIPW),1.8998286098654518,1.7383641372846739,2.0612930824462294,0.006592988967895508,0.5,54
TMLE (unweighted),1.9041983809941567,1.7420000973259886,2.066396664662325,0.00968790054321289,0.5,54
TMLE (weighted),1.9001415947706508,1.7386309420232307,2.061652247518071,0.009613037109375,0.5,54
C-TMLE (greedy),1.9040875877497292,1.7713076173590778,2.0368675581403806,270.62945103645325,0.5,54
C-TMLE (adaptive correlation),1.902983828554156,1.7711429555119378,2.0348247015963743,8.640830039978027,0.5,54
Oracle TMLE,1.9173666386284203,1.7757988503014883,2.0589344269553522,0.008697986602783203,0.5,54
Naive difference in means,3.1727122513766903,2.8581984569111016,3.487226045842279,0.0,0.5,55
One-step (AIPW),1.97254300791027,1.823900426293198,2.121185589527342,23.243542909622192,0.5,55
TMLE (unweighted),1.9741010452751742,1.8284112556806438,2.1197908348697045,3.6953699588775635,0.5,55
TMLE (weighted),1.9727213829811392,1.8245579438558428,2.1208848221064356,0.008700132369995117,0.5,55
C-TMLE (greedy),1.981654580532788,1.83480692146792,2.1285022395976565,716.5377509593964,0.5,55
C-TMLE (adaptive correlation),2.016080925366383,1.8862532770359963,2.14590857369677,21.890784978866577,0.5,55
Oracle TMLE,1.9757795898720032,1.8414775579592673,2.1100816217847393,0.004586935043334961,0.5,55
Naive difference in means,3.3910760766337242,3.0701315675389487,3.7120205857285,0.0,0.5,56
One-step (AIPW),2.048016938680694,1.9113031790794572,2.184730698281931,0.003522157669067383,0.5,56
TMLE (unweighted),2.0487168873561052,1.9120798652177102,2.1853539094945003,0.06492114067077637,0.5,56
TMLE (weighted),2.0480585527973854,1.9113722413578724,2.1847448642368983,0.0047190189361572266,0.5,56
C-TMLE (greedy),2.016790769176673,1.8865471443482753,2.1470343940050705,50.20956015586853,0.5,56
C-TMLE (adaptive correlation),2.035212981016988,1.910662497951761,2.159763464082215,9.188239097595215,0.5,56
Oracle TMLE,2.0545638943718347,1.9240194621464708,2.1851083265971987,0.004602909088134766,0.5,56
Naive difference in means,3.2427468309739225,2.9342665776700914,3.5512270842777536,0.0,0.5,57
One-step (AIPW),2.1082919816734864,1.9767353325540218,2.239848630792951,0.0033919811248779297,0.5,57
TMLE (unweighted),2.109424592301397,1.9779407170904448,2.2409084675123494,0.005048990249633789,0.5,57
TMLE (weighted),2.1083228023931735,1.97680647955714,2.239839125229207,0.005076885223388672,0.5,57
C-TMLE (greedy),2.0860880803805832,1.9678080366923845,2.204368124068782,29.164608001708984,0.5,57
C-TMLE (adaptive correlation),2.08601642486218,1.967840764755526,2.204192084968834,2.5980799198150635,0.5,57
Oracle TMLE,2.1113043587905205,1.9833010474431039,2.2393076701379373,0.004157066345214844,0.5,57
Naive difference in means,3.337328344295249,3.0006330553683846,3.6740236332221134,0.0,0.5,58
One-step (AIPW),1.950578060829096,1.808395285333389,2.092760836324803,23.006167888641357,0.5,58
TMLE (unweighted),1.9529098322794638,1.810866310082626,2.0949533544763015,3.9327261447906494,0.5,58
TMLE (weighted),1.9508244264335417,1.8086741139729021,2.0929747388941813,0.008704185485839844,0.5,58
C-TMLE (greedy),1.9161470677997703,1.7779939081115186,2.054300227488022,565.3902289867401,0.5,58
C-TMLE (adaptive correlation),1.9343202165999187,1.806187096249317,2.0624533369505205,12.573077917098999,0.5,58
Oracle TMLE,1.9272465430582364,1.7907712615285676,2.063721824587905,0.032872915267944336,0.5,58
Naive difference in means,3.3410422621053946,3.0224898335272967,3.6595946906834924,0.0,0.5,59
One-step (AIPW),1.9829877828329512,1.8121534912132533,2.1538220744526493,0.002975940704345703,0.5,59
TMLE (unweighted),1.9822493248862594,1.815184866647453,2.149313783125066,0.004116058349609375,0.5,59
TMLE (weighted),1.98301495264495,1.8125124759456026,2.1535174293442974,0.0039789676666259766,0.5,59
C-TMLE (greedy),1.9403686899193933,1.8084378377027066,2.0722995421360797,113.16033601760864,0.5,59
C-TMLE (adaptive correlation),1.952222101985328,1.8169520166760795,2.087492187294577,11.233206987380981,0.5,59
Oracle TMLE,2.0013550537421327,1.8622729483201108,2.1404371591641547,0.004080057144165039,0.5,59
Naive difference in means,3.0629415650673995,2.7530829527957286,3.3728001773390703,0.0,0.5,60
One-step (AIPW),2.0246450284715447,1.8778884816506929,2.1714015752923963,0.002804994583129883,0.5,60
TMLE (unweighted),2.024519632689829,1.877774286469445,2.171264978910213,0.04361701011657715,0.5,60
TMLE (weighted),2.0246357915131608,1.8778818789021139,2.171389704124208,0.0051500797271728516,0.5,60
C-TMLE (greedy),2.069064324831211,1.935099428112593,2.2030292215498286,57.111974000930786,0.5,60
C-TMLE (adaptive correlation),2.0269054077485222,1.8931900347156847,2.1606207807813598,10.645572900772095,0.5,60
Oracle TMLE,2.01117383206985,1.8852547867205938,2.137092877419106,0.004297018051147461,0.5,60
Naive difference in means,3.0449095376096773,2.718556693152344,3.3712623820670107,0.0,0.5,61
One-step (AIPW),1.9423327722079988,1.8047054058344083,2.0799601385815896,23.006126880645752,0.5,61
TMLE (unweighted),1.9438486209773005,1.806340978392907,2.0813562635616942,3.9327120780944824,0.5,61
TMLE (weighted),1.9424540914850916,1.8048430174279602,2.080065165542223,0.00870203971862793,0.5,61
C-TMLE (greedy),1.9520315273897912,1.819908537981723,2.0841545167978595,422.67597913742065,0.5,61
C-TMLE (adaptive correlation),1.9251791770435982,1.7923818461900398,2.0579765078971564,84.40996599197388,0.5,61
Oracle TMLE,1.9455878873755874,1.8144267577588051,2.0767490169923697,0.0049359798431396484,0.5,61
Naive difference in means,2.840857783771938,2.518022801718176,3.1636927658257004,0.0,0.5,62
One-step (AIPW),2.097883675894339,1.93844138639183,2.257325965396848,0.003720998764038086,0.5,62
TMLE (unweighted),2.098425683875751,1.940058682501822,2.25679268524968,0.005317211151123047,0.5,62
TMLE (weighted),2.0979081161252884,1.9386501831320473,2.2571660491185295,0.005140066146850586,0.5,62
C-TMLE (greedy),2.075632901710619,1.944183277969905,2.2070825254513333,68.59433197975159,0.5,62
C-TMLE (adaptive correlation),2.0701099084937518,1.9399147280069318,2.2003050889805715,4.8288938999176025,0.5,62
Oracle TMLE,2.109249327256504,1.9572074870102154,2.261291167502792,0.003993988037109375,0.5,62
Naive difference in means,3.041621298475187,2.7167489071288804,3.3664936898214934,0.0,0.5,63
One-step (AIPW),1.9529741261478193,1.8088572562002616,2.097090996095377,0.0029189586639404297,0.5,63
TMLE (unweighted),1.954512900031203,1.8106055776583616,2.0984202224040445,0.0707390308380127,0.5,63
TMLE (weighted),1.9530807607768597,1.809022901737166,2.0971386198165534,0.004428863525390625,0.5,63
C-TMLE (greedy),1.90829638291828,1.7722504159179784,2.0443423499185815,80.99256706237793,0.5,63
C-TMLE (adaptive correlation),1.913448018365723,1.773465623694146,2.0534304130373,22.84214210510254,0.5,63
Oracle TMLE,1.9493313730345125,1.8131416661112445,2.085521079957781,0.00480198860168457,0.5,63
Naive difference in means,3.226474123333239,2.894650342409534,3.5582979042569436,0.0,0.5,64
One-step (AIPW),2.0979814511662322,1.9497271852766063,2.2462357170558582,23.00590491294861,0.5,64
TMLE (unweighted),2.0984831504141503,1.950220379922225,2.2467459209060756,3.9328348636627197,0.5,64
TMLE (weighted),2.0980137878572163,1.9497593186880395,2.246268257026393,0.012431859970092773,0.5,64
C-TMLE (greedy),2.098013787857216,1.949759318688039,2.2462682570263928,239.05159783363342,0.5,64
C-TMLE (adaptive correlation),2.09393005147534,1.9661968811611097,2.22166322178957,15.081276178359985,0.5,64
Oracle TMLE,2.046049402911665,1.9088617001285024,2.1832371056948277,0.007977962493896484,0.5,64
Naive difference in means,3.019389964896154,2.699901123317296,3.338878806475012,0.0,0.5,65
One-step (AIPW),1.9683978292602777,1.8229554002016761,2.1138402583188793,0.00504302978515625,0.5,65
TMLE (unweighted),1.9687248410185705,1.8232808336914281,2.1141688483457126,0.037509918212890625,0.5,65
TMLE (weighted),1.9684278267375321,1.8229858646486874,2.113869788826377,0.007418155670166016,0.5,65
C-TMLE (greedy),1.9539630693839518,1.8229169790038589,2.085009159764045,139.8712968826294,0.5,65
C-TMLE (adaptive correlation),1.9658191654276735,1.8421894811806407,2.089448849674706,13.270551919937134,0.5,65
Oracle TMLE,1.9988669286886347,1.8642279609598014,2.133505896417468,0.008687019348144531,0.5,65
Naive difference in means,3.0614946900754907,2.741359184386685,3.3816301957642962,0.0,0.5,66
One-step (AIPW),1.8250852251522103,1.6765228908022767,1.9736475595021439,0.006584882736206055,0.5,66
TMLE (unweighted),1.8296406535048368,1.6814710042357466,1.977810302773927,0.00972294807434082,0.5,66
TMLE (weighted),1.8254018166095927,1.676933051829919,1.9738705813892663,0.00982809066772461,0.5,66
C-TMLE (greedy),1.8176795672469068,1.6817187755249283,1.9536403589688853,116.17016887664795,0.5,66
C-TMLE (adaptive correlation),1.8070349672071724,1.6815092339785267,1.932560700435818,24.483352184295654,0.5,66
Oracle TMLE,1.8361203714817391,1.698825617118161,1.9734151258453172,0.008195877075195312,0.5,66
Naive difference in means,3.1868393575901175,2.867658516571604,3.506020198608631,0.0,0.5,67
One-step (AIPW),1.8334811538458946,1.6922205350492756,1.9747417726425136,23.006191968917847,0.5,67
TMLE (unweighted),1.8332077272414598,1.6931919586065296,1.97322349587639,3.9327311515808105,0.5,67
TMLE (weighted),1.8334966760018307,1.6924715587533188,1.9745217932503427,0.008710145950317383,0.5,67
C-TMLE (greedy),1.8716166837244816,1.7367714227232094,2.006461944725754,595.03489112854,0.5,67
C-TMLE (adaptive correlation),1.8358452723368714,1.6965952698905507,1.9750952747831922,13.809437036514282,0.5,67
Oracle TMLE,1.8569009956963642,1.7230273707603927,1.9907746206323358,0.004456996917724609,0.5,67
Naive difference in means,3.079998524005193,2.755065169627689,3.4049318783826967,0.0,0.5,68
One-step (AIPW),2.049320094908874,1.9133168546600519,2.1853233351576957,0.002978086471557617,0.5,68
TMLE (unweighted),2.0507168947496965,1.9149837230320093,2.186450066467384,0.004453897476196289,0.5,68
TMLE (weighted),2.049476494771016,1.9135202075987954,2.1854327819432364,0.035881996154785156,0.5,68
C-TMLE (greedy),2.0566776086791814,1.9359389756469523,2.1774162417114105,70.53861713409424,0.5,68
C-TMLE (adaptive correlation),2.062292532470423,1.9427951357070328,2.181789929233813,6.745502948760986,0.5,68
Oracle TMLE,2.068545921543723,1.944340297370845,2.192751545716601,0.004034996032714844,0.5,68
Naive difference in means,3.0195372356656858,2.7113956282900187,3.327678843041353,0.0,0.5,69
One-step (AIPW),1.9311254023351425,1.7816745460665784,2.0805762586037067,0.0028870105743408203,0.5,69
TMLE (unweighted),1.9295156376475362,1.781425882592355,2.0776053927027176,0.004335165023803711,0.5,69
TMLE (weighted),1.930881575332776,1.7817180729337827,2.080045077731769,0.00427699089050293,0.5,69
C-TMLE (greedy),1.9362601568344573,1.7938442294828567,2.078676084186058,66.573312997818,0.5,69
C-TMLE (adaptive correlation),1.9348739816594203,1.7933730050105179,2.076374958308323,13.632308959960938,0.5,69
Oracle TMLE,1.9248145270051746,1.7789671010115697,2.0706619529987793,0.0038919448852539062,0.5,69
Naive difference in means,3.0554005775318083,2.7347728985630497,3.376028256500567,0.0,0.5,70
One-step (AIPW),1.995426602692433,1.8494137681032534,2.1414394372816123,23.005927085876465,0.5,70
TMLE (unweighted),1.9969619722663314,1.8508342059031067,2.143089738629556,3.9328348636627197,0.5,70
TMLE (weighted),1.9956107959847678,1.849600774071102,2.1416208178984335,0.012524843215942383,0.5,70
C-TMLE (greedy),1.9844431911391551,1.8488142278618978,2.1200721544164125,183.02695107460022,0.5,70
C-TMLE (adaptive correlation),1.978862198238265,1.8414426753195767,2.116281721156953,19.871497869491577,0.5,70
Oracle TMLE,1.9981852864628833,1.8592856762489278,2.1370848966768388,2.720586061477661,0.5,70
Naive difference in means,3.2387055441462342,2.920739896049049,3.5566711922434195,0.0,0.5,71
One-step (AIPW),1.976460939808822,1.7990263835207236,2.1538954960969203,0.005604982376098633,0.5,71
TMLE (unweighted),1.9636898436379528,1.7931700266967014,2.1342096605792045,0.007848024368286133,0.5,71
TMLE (weighted),1.975255499687848,1.7987951882327957,2.1517158111429002,0.007866859436035156,0.5,71
C-TMLE (greedy),1.917572936966414,1.7896095300822883,2.04553634385054,95.30424094200134,0.5,71
C-TMLE (adaptive correlation),1.926309281921973,1.799085906587613,2.0535326572563326,28.147977113723755,0.5,71
Oracle TMLE,1.9372557993189834,1.802753072472226,2.0717585261657407,0.00907588005065918,0.5,71
Naive difference in means,2.9839141238812923,2.6602688866527164,3.307559361109868,0.0,0.5,72
One-step (AIPW),1.8139706264970414,1.672300753219309,1.9556404997747738,0.00722503662109375,0.5,72
TMLE (unweighted),1.8145006841508828,1.6731162409850713,1.9558851273166944,0.010875940322875977,0.5,72
TMLE (weighted),1.8139957930174462,1.6723870245175214,1.955604561517371,0.010770082473754883,0.5,72
C-TMLE (greedy),1.8050436178547702,1.6788099201494653,1.931277315560075,85.00413084030151,0.5,72
C-TMLE (adaptive correlation),1.7969715568307199,1.6715664152368692,1.9223766984245705,13.595058917999268,0.5,72
Oracle TMLE,1.8338762504098207,1.7078126468620305,1.959939853957611,0.00836801528930664,0.5,72
Naive difference in means,2.8527714831783815,2.5285094106734047,3.177033555683358,0.0,0.5,73
One-step (AIPW),1.927958550368598,1.7923585521750707,2.0635585485621255,23.00612998008728,0.5,73
TMLE (unweighted),1.9272738495736066,1.792726456845795,2.061821242301418,3.93271803855896,0.5,73
TMLE (weighted),1.9279545272917025,1.7926619279784648,2.0632471266049404,0.008704185485839844,0.5,73
C-TMLE (greedy),1.977089592162833,1.8578555754541863,2.09632360887148,521.4074070453644,0.5,73
C-TMLE (adaptive correlation),1.9754021234293282,1.8553290311136585,2.095475215744998,21.207043886184692,0.5,73
Oracle TMLE,1.9790063839675713,1.8517926570418322,2.1062201108933105,0.003968954086303711,0.5,73
Naive difference in means,3.359817683970958,3.043722840216181,3.6759125277257354,0.0,0.5,74
One-step (AIPW),2.071501296528359,1.9302506422650556,2.2127519507916618,0.0027718544006347656,0.5,74
TMLE (unweighted),2.0716871035217053,1.930452726579703,2.2129214804637076,0.004071950912475586,0.5,74
TMLE (weighted),2.0715170221015304,1.9302715148580374,2.2127625293450235,0.003999948501586914,0.5,74
C-TMLE (greedy),2.05763329697293,1.9331511743588075,2.1821154195870522,96.95178890228271,0.5,74
C-TMLE (adaptive correlation),2.0713970609041317,1.933210578385875,2.2095835434223883,23.219321966171265,0.5,74
Oracle TMLE,2.0299438323208334,1.8938493293766654,2.1660383352650014,0.004948854446411133,0.5,74
Naive difference in means,3.0261742811736148,2.7183426324460216,3.334005929901208,0.0,0.5,75
One-step (AIPW),2.070592053720431,1.9018816357874118,2.239302471653451,0.0036530494689941406,0.5,75
TMLE (unweighted),2.0728339749270672,1.9041849509444557,2.241482998909679,0.00539398193359375,0.5,75
TMLE (weighted),2.0706518076145883,1.9019864137216222,2.2393172015075544,0.005188941955566406,0.5,75
C-TMLE (greedy),2.1018352787684345,1.9518251344921544,2.2518454230447142,95.73469281196594,0.5,75
C-TMLE (adaptive correlation),2.0464656723524968,1.917879962830935,2.1750513818740584,8.621968984603882,0.5,75
Oracle TMLE,2.0363200552383223,1.9004522929495071,2.1721878175271376,0.0041370391845703125,0.5,75
Naive difference in means,3.331507229085635,3.014761276854483,3.6482531813167873,0.0,0.5,76
One-step (AIPW),2.0169448473092544,1.857062646865058,2.176827047753451,19.574506044387817,0.5,76
TMLE (unweighted),2.0169207176292883,1.857098658742198,2.1767427765163783,3.164674997329712,0.5,76
TMLE (weighted),2.0169519826952853,1.857076093433741,2.1768278719568297,0.02924203872680664,0.5,76
C-TMLE (greedy),2.001613876469136,1.8642124578728545,2.139015295065417,249.37603282928467,0.5,76
C-TMLE (adaptive correlation),2.00906694159017,1.850216212747216,2.167917670433124,48.00403690338135,0.5,76
Oracle TMLE,2.010017361801306,1.8641734120564555,2.1558613115461567,0.004225969314575195,0.5,76
Naive difference in means,2.9315279553219886,2.6165823268437833,3.246473583800194,0.0,0.5,77
One-step (AIPW),1.8538069023026766,1.714119346860876,1.9934944577444773,0.002769947052001953,0.5,77
TMLE (unweighted),1.8514031128392914,1.7121113081812216,1.9906949174973612,0.004316806793212891,0.5,77
TMLE (weighted),1.853674862034625,1.7141078614717329,1.9932418625975172,0.0042378902435302734,0.5,77
C-TMLE (greedy),1.8998073013534151,1.7525001005704424,2.047114502136388,175.20475506782532,0.5,77
C-TMLE (adaptive correlation),1.8883400250409177,1.7542749217934732,2.022405128288362,29.70528817176819,0.5,77
Oracle TMLE,1.8710530019272222,1.7361210714081545,2.00598493244629,0.004367828369140625,0.5,77
Naive difference in means,2.8968783972525967,2.5769501131365664,3.216806681368627,0.0,0.5,78
One-step (AIPW),1.966952629173178,1.8312246222134811,2.102680636132875,0.0032820701599121094,0.5,78
TMLE (unweighted),1.9675820287590131,1.8323981195425036,2.102765937975523,0.004930019378662109,0.5,78
TMLE (weighted),1.966987276918267,1.8313506005432694,2.1026239532932647,0.004790067672729492,0.5,78
C-TMLE (greedy),1.9583543243538712,1.8315323175797553,2.0851763311279874,77.67771506309509,0.5,78
C-TMLE (adaptive correlation),1.952216338786769,1.821807774905587,2.082624902667951,12.999629974365234,0.5,78
Oracle TMLE,1.947639553565871,1.811369474374475,2.0839096327572673,0.0045850276947021484,0.5,78
Naive difference in means,3.4448650755653665,3.1210103167257346,3.7687198344049984,0.0,0.5,79
One-step (AIPW),2.0435871075657,1.8999294225770054,2.1872447925543943,0.0033948421478271484,0.5,79
TMLE (unweighted),2.042953197030961,1.8992730127086146,2.1866333813533076,0.005077838897705078,0.5,79
TMLE (weighted),2.04354674687952,1.8998904478325762,2.1872030459264638,0.004904031753540039,0.5,79
C-TMLE (greedy),2.054666193837398,1.9311346737542094,2.178197713920586,27.723856925964355,0.5,79
C-TMLE (adaptive correlation),2.054264470655433,1.9332052869709635,2.175323654339903,5.037527084350586,0.5,79
Oracle TMLE,2.040897048975757,1.908502723247639,2.173291374703875,0.004449129104614258,0.5,79
Naive difference in means,3.031223894264512,2.7106873615741094,3.3517604269549146,0.0,0.5,80
One-step (AIPW),1.9503100660859438,1.8042585367629314,2.0963615954089563,19.574646949768066,0.5,80
TMLE (unweighted),1.9503842506049662,1.8043979278337638,2.0963705733761686,3.1646111011505127,0.5,80
TMLE (weighted),1.950314872122819,1.8042703986664712,2.0963593455791667,0.029191970825195312,0.5,80
C-TMLE (greedy),1.9849405517712198,1.8509562437462563,2.1189248597961834,211.91043901443481,0.5,80
C-TMLE (adaptive correlation),1.952229085755364,1.8266719525308355,2.0777862189798926,16.467957019805908,0.5,80
Oracle TMLE,1.990732015279576,1.8572508650063417,2.1242131655528103,0.004318952560424805,0.5,80
Naive difference in means,3.14259548392222,2.836251615371106,3.4489393524733343,0.0,0.5,81
One-step (AIPW),1.9965789403334349,1.8613167095008767,2.131841171165993,0.002917051315307617,0.5,81
TMLE (unweighted),1.9973706319625473,1.8624037367440338,2.1323375271810607,0.004321098327636719,0.5,81
TMLE (weighted),1.996623357559018,1.8614215575514323,2.131825157566604,0.004081010818481445,0.5,81
C-TMLE (greedy),2.0079028863058603,1.8746826615601229,2.1411231110515976,124.53194689750671,0.5,81
C-TMLE (adaptive correlation),2.004751881051389,1.8724232290883576,2.1370805330144202,31.183506965637207,0.5,81
Oracle TMLE,1.9923822734458763,1.8581065581027978,2.126657988788955,0.004199981689453125,0.5,81
Naive difference in means,3.08524677842982,2.7634017794647883,3.4070917773948515,0.0,0.5,82
One-step (AIPW),1.965189793742312,1.7547917700105087,2.1755878174741152,0.003269195556640625,0.5,82
TMLE (unweighted),1.978447432883155,1.7813528649346468,2.1755420008316633,0.005197048187255859,0.5,82
TMLE (weighted),1.966439325316678,1.7571864716801588,2.1756921789531973,0.0051271915435791016,0.5,82
C-TMLE (greedy),2.0295879765406517,1.892709905418556,2.1664660476627473,120.70191097259521,0.5,82
C-TMLE (adaptive correlation),2.013496897748004,1.8788977442166876,2.14809605127932,13.324002981185913,0.5,82
Oracle TMLE,2.008519305032181,1.8717534790967711,2.145285130967591,0.004437923431396484,0.5,82
Naive difference in means,3.296857782822736,2.978415445043869,3.6153001206016033,0.0,0.5,83
One-step (AIPW),2.092044041909129,1.9412918135919555,2.242796270226303,19.574647903442383,0.5,83
TMLE (unweighted),2.0882096254912543,1.9388749991531813,2.2375442518293274,3.164606809616089,0.5,83
TMLE (weighted),2.0917158417082646,1.94124759709366,2.2421840863228693,0.029239892959594727,0.5,83
C-TMLE (greedy),2.131226538597779,2.00750722664831,2.2549458505472484,172.65161299705505,0.5,83
C-TMLE (adaptive correlation),2.1330688474808386,2.0060373923025105,2.2601003026591666,37.31712102890015,0.5,83
Oracle TMLE,2.145664957100956,2.009170799287262,2.28215911491465,3.2645890712738037,0.5,83
Naive difference in means,3.0864176008692437,2.763231505095405,3.4096036966430825,0.0,0.5,84
One-step (AIPW),1.9223955947201767,1.7902432434193807,2.054547946020973,0.005159139633178711,0.5,84
TMLE (unweighted),1.9208851352747298,1.7891050556503474,2.052665214899112,0.005984067916870117,0.5,84
TMLE (weighted),1.9222999294875658,1.7902618939938006,2.0543379649813307,0.005624055862426758,0.5,84
C-TMLE (greedy),1.9239900566982806,1.7918657872305657,2.0561143261659955,153.7380449771881,0.5,84
C-TMLE (adaptive correlation),1.9432109003530322,1.8203058973161277,2.066115903389937,34.14298701286316,0.5,84
Oracle TMLE,1.9627203338745862,1.8328167337591326,2.09262393399004,0.00510096549987793,0.5,84
Naive difference in means,3.005988801766323,2.6771684345892814,3.3348091689433645,0.0,0.5,85
One-step (AIPW),2.0700338010114567,1.930408193964109,2.209659408058805,0.0037641525268554688,0.5,85
TMLE (unweighted),2.0702958427615465,1.9311848960389073,2.209406789484186,0.06947994232177734,0.5,85
TMLE (weighted),2.0699751881579678,1.93042721582868,2.209523160487256,0.004967927932739258,0.5,85
C-TMLE (greedy),2.0653823833432,1.9327412290352612,2.1980235376511383,127.54830694198608,0.5,85
C-TMLE (adaptive correlation),2.0496611758080983,1.9268394421392525,2.172482909476944,6.2560858726501465,0.5,85
Oracle TMLE,1.999042625549338,1.8684130629678486,2.1296721881308276,0.0041179656982421875,0.5,85
Naive difference in means,3.2589571396105734,2.928137218549179,3.5897770606719677,0.0,0.5,86
One-step (AIPW),2.0299584920529465,1.890626431830333,2.16929055227556,19.574532985687256,0.5,86
TMLE (unweighted),2.030459730887144,1.8912656012414901,2.169653860532798,3.164658784866333,0.5,86
TMLE (weighted),2.029991816079847,1.8906879984110492,2.169295633748645,0.02924799919128418,0.5,86
C-TMLE (greedy),1.9915812961626915,1.8593466298289048,2.1238159624964785,232.63391995429993,0.5,86
C-TMLE (adaptive correlation),2.0015726050901,1.8707958256398167,2.1323493845403836,31.874770879745483,0.5,86
Oracle TMLE,2.0233565035346213,1.8946619959633342,2.1520510111059084,0.0051119327545166016,0.5,86
Naive difference in means,3.184045024371916,2.8556845081207407,3.512405540623091,0.0,0.5,87
One-step (AIPW),1.961068617088078,1.8316782836892538,2.090458950486902,0.0036051273345947266,0.5,87
TMLE (unweighted),1.9615689490332615,1.8320448171510706,2.0910930809154524,0.005357980728149414,0.5,87
TMLE (weighted),1.9611081686545486,1.8317114368743197,2.0905049004347775,0.00538182258605957,0.5,87
C-TMLE (greedy),1.9611081686545486,1.8317114368743197,2.0905049004347775,140.02372407913208,0.5,87
C-TMLE (adaptive correlation),1.9701860331153425,1.8485482549684564,2.0918238112622287,13.302944898605347,0.5,87
Oracle TMLE,1.9856236959781852,1.858649913764903,2.1125974781914674,0.0042569637298583984,0.5,87
Naive difference in means,3.348253771974383,3.0199915829518784,3.676515960996887,0.0,0.5,88
One-step (AIPW),1.9531446259742629,1.8025147808506385,2.1037744710978874,0.0029821395874023438,0.5,88
TMLE (unweighted),1.9531676406135001,1.8025391194801992,2.1037961617468013,0.004498004913330078,0.5,88
TMLE (weighted),1.953148736116907,1.8025195027746441,2.10377796945917,0.004492044448852539,0.5,88
C-TMLE (greedy),1.9481005825964375,1.8157339394476644,2.0804672257452106,62.99055504798889,0.5,88
C-TMLE (adaptive correlation),1.9278573494093811,1.7877432334036731,2.067971465415089,22.83255386352539,0.5,88
Oracle TMLE,1.9027203922991114,1.7631531415348964,2.042287643063326,0.004586935043334961,0.5,88
Naive difference in means,3.1620991673268763,2.851074953922327,3.4731233807314257,0.0,0.5,89
One-step (AIPW),2.0426652167622996,1.8978018515583148,2.1875285819662844,19.823922872543335,0.5,89
TMLE (unweighted),2.042719065411736,1.8978537951045675,2.1875843357189044,2.9153530597686768,0.5,89
TMLE (weighted),2.0426694966166448,1.8978059499312034,2.187533043302086,0.02945685386657715,0.5,89
C-TMLE (greedy),2.027960475481537,1.8880891789765375,2.1678317719865365,265.07710099220276,0.5,89
C-TMLE (adaptive correlation),2.041643050660164,1.914474985054703,2.1688111162656254,29.74280095100403,0.5,89
Oracle TMLE,2.000866192317816,1.8645004195714447,2.1372319650641876,0.004109859466552734,0.5,89
Naive difference in means,3.3638003770782463,3.053850862922668,3.6737498912338244,0.0,0.5,90
One-step (AIPW),2.0300167503897324,1.8571350793126886,2.2028984214667764,0.002911090850830078,0.5,90
TMLE (unweighted),2.0322294951555686,1.8611891657173316,2.2032698245938054,0.0042209625244140625,0.5,90
TMLE (weighted),2.030321953986117,1.8576686724826108,2.2029752354896233,0.004157066345214844,0.5,90
C-TMLE (greedy),2.035952605279548,1.9033728349741814,2.168532375584914,184.50215792655945,0.5,90
C-TMLE (adaptive correlation),2.0238103828684024,1.8485945427547796,2.199026222982025,32.32171607017517,0.5,90
Oracle TMLE,2.048243508441374,1.9087777834549409,2.1877092334278077,0.0042018890380859375,0.5,90
Naive difference in means,3.366264405539003,3.055308992967944,3.677219818110062,0.0,0.5,91
One-step (AIPW),2.1440505949497317,2.0022453571651075,2.285855832734356,0.0028460025787353516,0.5,91
TMLE (unweighted),2.1449222117296443,2.003125464847211,2.2867189586120773,0.004335880279541016,0.5,91
TMLE (weighted),2.1441360029002254,2.002350484368729,2.285921521431722,0.004330873489379883,0.5,91
C-TMLE (greedy),2.123492377971665,1.9827520340954716,2.2642327218478577,111.39055919647217,0.5,91
C-TMLE (adaptive correlation),2.130495245441887,1.9886593499875922,2.272331140896182,7.4053120613098145,0.5,91
Oracle TMLE,2.101558586630402,1.971943482816716,2.2311736904440878,0.004670858383178711,0.5,91
Naive difference in means,3.0186960146000223,2.692735527556004,3.3446565016440406,0.0,0.5,92
One-step (AIPW),2.0150431235484714,1.87016108782701,2.1599251592699327,19.57459592819214,0.5,92
TMLE (unweighted),2.0155201987680926,1.8704020070463163,2.160638390489869,3.1646838188171387,0.5,92
TMLE (weighted),2.0150853452978272,1.8701948793149206,2.159975811280734,0.02924203872680664,0.5,92
C-TMLE (greedy),2.0290313935110826,1.8859030328324353,2.17215975418973,219.3764259815216,0.5,92
C-TMLE (adaptive correlation),1.9999115388356736,1.8762440306114518,2.1235790470598954,10.30059003829956,0.5,92
Oracle TMLE,2.014887461714312,1.875912175475222,2.153862747953402,0.0043261051177978516,0.5,92
Naive difference in means,3.52929123662324,3.208660587903632,3.8499218853428476,0.0,0.5,93
One-step (AIPW),2.1463147517388226,2.0088348655357557,2.2837946379418894,0.0029180049896240234,0.5,93
TMLE (unweighted),2.143171189812682,2.0053139555734965,2.281028424051868,0.004302978515625,0.5,93
TMLE (weighted),2.1461446940029,2.0086961183093632,2.283593269696437,0.004188060760498047,0.5,93
C-TMLE (greedy),2.165360794831082,2.025390628930628,2.305330960731536,129.73562216758728,0.5,93
C-TMLE (adaptive correlation),2.1464115226442715,2.0163115294239176,2.2765115158646254,21.214001178741455,0.5,93
Oracle TMLE,2.1415225663779207,2.0053514352909705,2.277693697464871,0.004492998123168945,0.5,93
Naive difference in means,3.168208718119234,2.847004123335555,3.4894133129029132,0.0,0.5,94
One-step (AIPW),1.9776500338516627,1.8380336335305925,2.1172664341727327,0.002978801727294922,0.5,94
TMLE (unweighted),1.979614018056719,1.8402497403508258,2.118978295762612,0.004462003707885742,0.5,94
TMLE (weighted),1.9778159908110242,1.8382602080736674,2.1173717735483812,0.004442930221557617,0.5,94
C-TMLE (greedy),1.9479860567656297,1.8206987003530242,2.0752734131782353,114.3492820262909,0.5,94
C-TMLE (adaptive correlation),1.9797241929944756,1.838595632452445,2.1208527535365063,40.01594519615173,0.5,94
Oracle TMLE,1.9850024864608902,1.8489849913813265,2.121019981540454,0.004415988922119141,0.5,94
Naive difference in means,3.172454775042863,2.8617054393539685,3.4832041107317573,0.0,0.5,95
One-step (AIPW),1.965458739830994,1.8301140796233697,2.100803400038618,19.57462787628174,0.5,95
TMLE (unweighted),1.963931773617323,1.8287386576602265,2.0991248895744197,3.164628028869629,0.5,95
TMLE (weighted),1.9653670016352156,1.8300445042257623,2.100689499044669,0.0291900634765625,0.5,95
C-TMLE (greedy),1.9653670016352156,1.8300445042257623,2.100689499044669,215.3078408241272,0.5,95
C-TMLE (adaptive correlation),1.9754698674040145,1.8469488333880126,2.1039909014200164,23.627730131149292,0.5,95
Oracle TMLE,1.9319382737880988,1.8068869100206233,2.0569896375555743,0.00451207160949707,0.5,95
Naive difference in means,3.017789542737028,2.6952449971774635,3.340334088296592,0.0,0.5,96
One-step (AIPW),1.8701630111292777,1.7275351679413715,2.012790854317184,0.003030061721801758,0.5,96
TMLE (unweighted),1.8702235985256657,1.7277589790417334,2.0126882180095977,0.0045201778411865234,0.5,96
TMLE (weighted),1.8701708748894665,1.7275668008458354,2.0127749489330977,0.004348039627075195,0.5,96
C-TMLE (greedy),1.8784057762092095,1.7502318809231276,2.0065796714952913,61.22258400917053,0.5,96
C-TMLE (adaptive correlation),1.860971535568423,1.7364648355675893,1.9854782355692568,9.280098915100098,0.5,96
Oracle TMLE,1.9082400876567804,1.7777009597437574,2.0387792155698032,0.003999948501586914,0.5,96
Naive difference in means,3.5790899056849366,3.2553843476559194,3.9027954637139537,0.0,0.5,97
One-step (AIPW),2.148299226757649,2.0023250303952596,2.294273423120038,0.0030639171600341797,0.5,97
TMLE (unweighted),2.1470685251209334,2.0013695598807706,2.292767490361096,0.0045239925384521484,0.5,97
TMLE (weighted),2.148229463135798,2.0023231623951783,2.2941357638764175,0.004683017730712891,0.5,97
C-TMLE (greedy),2.1625111239519357,2.0360693533890837,2.2889528945147877,90.45013403892517,0.5,97
C-TMLE (adaptive correlation),2.1613747524874114,2.031955293612248,2.290794211362575,20.94821786880493,0.5,97
Oracle TMLE,2.1736364845004936,2.033392396093762,2.3138805729072254,0.0041849613189697266,0.5,97
Naive difference in means,3.5295895863092475,3.1989461727784834,3.8602329998400116,0.0,0.5,98
One-step (AIPW),1.9540249634354339,1.7795766947197695,2.1284732321510984,19.574554920196533,0.5,98
TMLE (unweighted),1.9540335336168162,1.7795801648290381,2.1284869024045943,3.1646759510040283,0.5,98
TMLE (weighted),1.954011699066256,1.7795635328678356,2.1284598652646762,0.029267072677612305,0.5,98
C-TMLE (greedy),1.9195759045509502,1.765680214390986,2.0734715947109144,403.7512390613556,0.5,98
C-TMLE (adaptive correlation),1.9545626983077182,1.8283288910873132,2.0807965055281232,24.666178941726685,0.5,98
Oracle TMLE,1.9392362468885123,1.8057025105874283,2.0727699831895965,0.004344940185546875,0.5,98
Naive difference in means,3.0639245981215186,2.741560393450478,3.386288802792559,0.0,0.5,99
One-step (AIPW),2.125006623818586,1.896551836804431,2.353461410832741,0.003036022186279297,0.5,99
TMLE (unweighted),2.1142638203746356,1.8896710806641401,2.338856560085131,0.06910014152526855,0.5,99
TMLE (weighted),2.123931885498216,1.8960277531805414,2.35183601781589,0.004982948303222656,0.5,99
C-TMLE (greedy),2.098967795089209,1.9655575381579085,2.23237805202051,115.79332900047302,0.5,99
C-TMLE (adaptive correlation),2.077454807729634,1.9560610789125628,2.1988485365467056,4.509130001068115,0.5,99
Oracle TMLE,2.054965808331162,1.9215842135696128,2.1883474030927115,0.0039250850677490234,0.5,99
Naive difference in means,3.034160406344455,2.7166341179732694,3.3516866947156405,0.0,0.5,100
One-step (AIPW),2.052287460952638,1.9108985573482904,2.1936763645569854,0.002811908721923828,0.5,100
TMLE (unweighted),2.052155335357548,1.9109529151791864,2.1933577555359096,0.0043070316314697266,0.5,100
TMLE (weighted),2.0522347114409665,1.9108965472543713,2.1935728756275616,0.004364013671875,0.5,100
C-TMLE (greedy),2.0260322060024776,1.9012466798141614,2.1508177321907938,33.52181315422058,0.5,100
C-TMLE (adaptive correlation),2.026353058621901,1.9011384279391053,2.1515676893046964,7.486908197402954,0.5,100
Oracle TMLE,2.0614651429080912,1.9299656072178755,2.1929646785983072,0.003945112228393555,0.5,100
Naive difference in means,2.753986609712671,2.4407165238188155,3.067256695606526,0.0,1.0,1
One-step (AIPW),1.9660666569460772,1.7427446448971717,2.1893886689949826,19.807443857192993,1.0,1
TMLE (unweighted),1.962220230134718,1.7347742487075541,2.1896662115618817,3.2469289302825928,1.0,1
TMLE (weighted),1.9656933168921136,1.7421213008296752,2.189265332954552,0.03153800964355469,1.0,1
C-TMLE (greedy),1.9671272807821676,1.842247708593759,2.092006852970576,223.26121497154236,1.0,1
C-TMLE (adaptive correlation),1.9791974181653615,1.82333030564361,2.1350645306871128,64.51509118080139,1.0,1
Oracle TMLE,1.9390008298323465,1.8131445855421606,2.0648570741225325,0.00442814826965332,1.0,1
Naive difference in means,3.1353993565313703,2.824480762211693,3.4463179508510473,0.0,1.0,2
One-step (AIPW),2.0134884409142906,1.830005091275579,2.196971790553002,0.0030090808868408203,1.0,2
TMLE (unweighted),2.015819765975634,1.834935124417701,2.1967044075335673,0.004469156265258789,1.0,2
TMLE (weighted),2.0136087497881325,1.8303147957396726,2.1969027038365927,0.0044498443603515625,1.0,2
C-TMLE (greedy),2.0164614553306133,1.892305896564412,2.1406170140968146,202.24381589889526,1.0,2
C-TMLE (adaptive correlation),2.0136087497881325,1.8303147957396726,2.1969027038365927,12.838702917098999,1.0,2
Oracle TMLE,1.978476644184529,1.8467464705778331,2.1102068177912248,0.004303932189941406,1.0,2
Naive difference in means,3.0685399680883716,2.729503389110673,3.4075765470660704,0.0,1.0,3
One-step (AIPW),1.9568592860649996,1.7694251469579658,2.1442934251720334,0.002908945083618164,1.0,3
TMLE (unweighted),1.9552820109741973,1.7672741315844631,2.1432898903639312,0.004335165023803711,1.0,3
TMLE (weighted),1.956820062836303,1.7693413629925507,2.1442987626800556,0.004232883453369141,1.0,3
C-TMLE (greedy),1.9784067442618356,1.8556181518313408,2.1011953366923306,46.57727789878845,1.0,3
C-TMLE (adaptive correlation),1.9604460238325385,1.8328587917091983,2.088033255955879,14.685074090957642,1.0,3
Oracle TMLE,1.9693408220592727,1.8441561505134547,2.0945254936050905,0.004151105880737305,1.0,3
Naive difference in means,2.99828675729322,2.6666841400857506,3.3298893745006892,0.0,1.0,4
One-step (AIPW),1.7519813212207296,1.5349155911152241,1.969047051326235,0.0029048919677734375,1.0,4
TMLE (unweighted),1.7469010447689253,1.5649591564696075,1.928842933068243,0.004249095916748047,1.0,4
TMLE (weighted),1.7524924746471078,1.539118469065493,1.9658664802287225,0.004261970520019531,1.0,4
C-TMLE (greedy),1.82314824225564,1.6894187446533675,1.9568777398579125,53.77900195121765,1.0,4
C-TMLE (adaptive correlation),1.8137748616758531,1.6449853446708247,1.9825643786808815,9.133867979049683,1.0,4
Oracle TMLE,1.9048479778961398,1.77221034075061,2.03748561504167,0.004575967788696289,1.0,4
Naive difference in means,2.638634407622009,2.31236690101247,2.9649019142315485,0.0,1.0,5
One-step (AIPW),1.9558256468382567,1.7892995079034049,2.1223517857731085,19.80740785598755,1.0,5
TMLE (unweighted),1.9461856349410431,1.78137856064586,2.110992709236226,3.2469449043273926,1.0,5
TMLE (weighted),1.9555218920544182,1.7892951819662617,2.1217486021425747,0.03153395652770996,1.0,5
C-TMLE (greedy),1.9937186124091468,1.8702247438459703,2.1172124809723236,440.00210189819336,1.0,5
C-TMLE (adaptive correlation),1.9728051766722934,1.8330791170704945,2.1125312362740924,42.009925842285156,1.0,5
Oracle TMLE,1.9461849394085675,1.8117541509532102,2.080615727863925,0.005240917205810547,1.0,5
Naive difference in means,2.9398675503581826,2.615818667730375,3.26391643298599,0.0,1.0,6
One-step (AIPW),1.7704049847421206,1.3925051960859234,2.148304773398318,0.0035588741302490234,1.0,6
TMLE (unweighted),1.8027246320819388,1.5800187970789423,2.0254304670849352,0.0055408477783203125,1.0,6
TMLE (weighted),1.7723514924633077,1.4114684227441794,2.133234562182436,0.005580902099609375,1.0,6
C-TMLE (greedy),2.0061572517993587,1.8734156976516683,2.138898805947049,93.35343384742737,1.0,6
C-TMLE (adaptive correlation),2.0001524918619222,1.8751713955699578,2.1251335881538864,9.385962963104248,1.0,6
Oracle TMLE,2.031139007728244,1.9015888153498453,2.1606892001066424,0.0039920806884765625,1.0,6
Naive difference in means,2.872644273757034,2.554785818640237,3.1905027288738315,0.0,1.0,7
One-step (AIPW),1.9686648120408676,1.7806664488241908,2.1566631752575445,0.0028760433197021484,1.0,7
TMLE (unweighted),1.9690339551438019,1.780947636441215,2.1571202738463886,0.00419306755065918,1.0,7
TMLE (weighted),1.9686971212534603,1.780698105053836,2.1566961374530846,0.004242897033691406,1.0,7
C-TMLE (greedy),2.0088423686927186,1.8741746747344241,2.1435100626510133,49.786876916885376,1.0,7
C-TMLE (adaptive correlation),1.977429170487674,1.8472063353254742,2.1076520056498738,7.776887893676758,1.0,7
Oracle TMLE,2.0157716585001144,1.8839321380539757,2.1476111789462533,0.004533052444458008,1.0,7
Naive difference in means,3.0415141000170607,2.7220765166934315,3.36095168334069,0.0,1.0,8
One-step (AIPW),1.9758332201509325,1.8302091538013467,2.1214572865005183,17.714951992034912,1.0,8
TMLE (unweighted),1.9413908297729923,1.8014310299541763,2.081350629591808,3.247013807296753,1.0,8
TMLE (weighted),1.9746497275713824,1.8300933216160529,2.119206133526712,0.031466007232666016,1.0,8
C-TMLE (greedy),1.9746497275713824,1.8300933216160529,2.119206133526712,410.5278408527374,1.0,8
C-TMLE (adaptive correlation),2.0353418996320376,1.890380585566455,2.18030321369762,15.300014019012451,1.0,8
Oracle TMLE,2.0912856389156937,1.9591409174578107,2.2234303603735768,0.004858970642089844,1.0,8
Naive difference in means,3.1673739028945946,2.8331841863951843,3.501563619394005,0.0,1.0,9
One-step (AIPW),1.8400015968395458,1.6349791430684721,2.0450240506106194,0.0031480789184570312,1.0,9
TMLE (unweighted),1.8335525127974792,1.6314960465039787,2.0356089790909797,0.004691123962402344,1.0,9
TMLE (weighted),1.8404356387156195,1.6358417418190843,2.045029535612155,0.0045239925384521484,1.0,9
C-TMLE (greedy),1.8553408838331675,1.725448814349689,1.985232953316646,88.82982802391052,1.0,9
C-TMLE (adaptive correlation),1.8680784978436202,1.7258557018493712,2.0103012938378693,16.382762908935547,1.0,9
Oracle TMLE,1.9305243332693105,1.7955742657947507,2.06547440074387,0.07176995277404785,1.0,9
Naive difference in means,3.022404932412398,2.698919777950651,3.3458900868741446,0.0,1.0,10
One-step (AIPW),1.9633518470784959,1.761314230811143,2.1653894633458486,0.004477977752685547,1.0,10
TMLE (unweighted),1.9427819700177436,1.7451227332767494,2.1404412067587377,0.005046844482421875,1.0,10
TMLE (weighted),1.9627485329556653,1.7614479405525603,2.1640491253587704,0.00450897216796875,1.0,10
C-TMLE (greedy),2.055682550762242,1.871707261136685,2.239657840387799,57.82170605659485,1.0,10
C-TMLE (adaptive correlation),2.008702498099038,1.8808416753744983,2.1365633208235777,15.780999898910522,1.0,10
Oracle TMLE,1.9719716742376368,1.8363412473756977,2.107602101099576,0.004616975784301758,1.0,10
Naive difference in means,2.8471281975859815,2.531213587296341,3.163042807875622,0.0,1.0,11
One-step (AIPW),2.0799091616160394,1.9209895443758245,2.2388287788562544,19.807557106018066,1.0,11
TMLE (unweighted),2.070420104664765,1.911350566294793,2.2294896430347366,3.2469208240509033,1.0,11
TMLE (weighted),2.0794005376143603,1.9204903242679012,2.238310750960819,0.03153705596923828,1.0,11
C-TMLE (greedy),2.113703709110475,1.9823633311730724,2.2450440870478774,426.94549679756165,1.0,11
C-TMLE (adaptive correlation),2.0794005376143603,1.9204903242679012,2.238310750960819,17.458378076553345,1.0,11
Oracle TMLE,2.100757428126257,1.9683436616187588,2.233171194633755,0.004119873046875,1.0,11
Naive difference in means,2.8264200362981144,2.5066908365963756,3.1461492359998533,0.0,1.0,12
One-step (AIPW),2.0347917535539373,1.8826203147491902,2.186963192358684,0.002790212631225586,1.0,12
TMLE (unweighted),2.0383652503226424,1.8877696599860783,2.1889608406592065,0.004129886627197266,1.0,12
TMLE (weighted),2.0347781048693525,1.88278014268879,2.186776067049915,0.0040760040283203125,1.0,12
C-TMLE (greedy),2.0102080578035175,1.8877436235496596,2.1326724920573756,77.1390278339386,1.0,12
C-TMLE (adaptive correlation),1.9875796237994983,1.8555487716897716,2.119610475909225,33.05603504180908,1.0,12
Oracle TMLE,2.0075418599872354,1.8813236670874536,2.1337600528870175,0.0040209293365478516,1.0,12
Naive difference in means,3.2224230087827177,2.9102918009883014,3.534554216577134,0.0,1.0,13
One-step (AIPW),2.1440212457166243,1.9907727768220236,2.2972697146112253,0.0030040740966796875,1.0,13
TMLE (unweighted),2.1297853250723433,1.9772064004378256,2.282364249706861,0.0042018890380859375,1.0,13
TMLE (weighted),2.1433346506670645,1.9904131456330527,2.296256155701076,0.004200935363769531,1.0,13
C-TMLE (greedy),2.1960176268373734,2.0699771173889268,2.32205813628582,94.17605304718018,1.0,13
C-TMLE (adaptive correlation),2.193619709054012,2.055392643794578,2.331846774313446,4.36493992805481,1.0,13
Oracle TMLE,2.1624623805404197,2.0413888236807733,2.283535937400066,0.003854036331176758,1.0,13
Naive difference in means,3.1566271359348947,2.8491255623891867,3.464128709480603,0.0,1.0,14
One-step (AIPW),2.0205414378773323,1.8639851317115281,2.1770977440431363,17.727938890457153,1.0,14
TMLE (unweighted),1.9813524529035411,1.8251180072376947,2.1375868985693876,3.247056007385254,1.0,14
TMLE (weighted),2.0191047288963735,1.8627875366912432,2.1754219211015036,0.032195091247558594,1.0,14
C-TMLE (greedy),2.065748053133693,1.9305234646578036,2.200972641609583,261.13827300071716,1.0,14
C-TMLE (adaptive correlation),2.0588107945601477,1.9391271701057131,2.1784944190145823,26.491557121276855,1.0,14
Oracle TMLE,2.067268163914561,1.938625528861745,2.1959107989673767,0.0044519901275634766,1.0,14
Naive difference in means,3.0491070350335283,2.7237240641072598,3.374490005959797,0.0,1.0,15
One-step (AIPW),2.062402402049465,1.8847757183409337,2.240029085757996,0.0031011104583740234,1.0,15
TMLE (unweighted),2.0776772228574725,1.8977824249051054,2.2575720208098398,0.004579067230224609,1.0,15
TMLE (weighted),2.0626245697234964,1.8849050077484761,2.2403441316985164,0.004544973373413086,1.0,15
C-TMLE (greedy),2.077338862081718,1.921433728285908,2.2332439958775283,197.61404609680176,1.0,15
C-TMLE (adaptive correlation),2.0456585044554605,1.9001158755084055,2.191201133402515,19.735059022903442,1.0,15
Oracle TMLE,1.9904699998115898,1.8572312967833005,2.1237087028398793,0.053301095962524414,1.0,15
Naive difference in means,3.084083522487175,2.7638857569529813,3.4042812880213686,0.0,1.0,16
One-step (AIPW),1.8403432383568439,1.6380886468001925,2.0425978299134955,0.0031969547271728516,1.0,16
TMLE (unweighted),1.8389682342338407,1.632799558990475,2.0451369094772063,0.004470109939575195,1.0,16
TMLE (weighted),1.8403440770520751,1.6378018332387982,2.042886320865352,0.00436711311340332,1.0,16
C-TMLE (greedy),1.7974487486258488,1.6509828652730445,1.943914631978653,89.03494000434875,1.0,16
C-TMLE (adaptive correlation),1.8373369876508578,1.7097058907429772,1.9649680845587385,11.599691152572632,1.0,16
Oracle TMLE,1.8837937495266532,1.756153511230196,2.0114339878231107,0.004210948944091797,1.0,16
Naive difference in means,2.890035453167302,2.5796606765856978,3.2004102297489063,0.0,1.0,17
One-step (AIPW),2.025065806412865,1.8806998352536761,2.1694317775720537,17.712789058685303,1.0,17
TMLE (unweighted),2.0305520780530704,1.88637829447677,2.174725861629371,3.2470459938049316,1.0,17
TMLE (weighted),2.025169611722959,1.880843023083163,2.169496200362755,0.032195091247558594,1.0,17
C-TMLE (greedy),2.0140426227339594,1.8905235860820278,2.137561659385891,109.84343385696411,1.0,17
C-TMLE (adaptive correlation),2.01297590978043,1.8907362360802105,2.1352155834806497,15.159898042678833,1.0,17
Oracle TMLE,2.0409657939341197,1.910454805487243,2.1714767823809966,4.500781059265137,1.0,17
Naive difference in means,3.0576189032104866,2.7339805511083672,3.381257255312606,0.0,1.0,18
One-step (AIPW),1.8695551408411062,1.6850732813571836,2.0540370003250286,0.0034639835357666016,1.0,18
TMLE (unweighted),1.858511294723717,1.6759800877165925,2.041042501730842,0.0045011043548583984,1.0,18
TMLE (weighted),1.8692354375165938,1.684971196452954,2.0534996785802337,0.0042650699615478516,1.0,18
C-TMLE (greedy),1.8227034936776485,1.6449254300103562,2.000481557344941,103.07378315925598,1.0,18
C-TMLE (adaptive correlation),1.8301986084699147,1.658197245118164,2.0021999718216654,26.209805011749268,1.0,18
Oracle TMLE,1.940807869903616,1.8016860769713174,2.0799296628359145,0.008795022964477539,1.0,18
Naive difference in means,3.093223183534003,2.7763367721112564,3.41010959495675,0.0,1.0,19
One-step (AIPW),2.152126516355467,2.008625447279319,2.295627585431615,0.0053558349609375,1.0,19
TMLE (unweighted),2.206753681575415,2.063598016800569,2.349909346350261,0.008488893508911133,1.0,19
TMLE (weighted),2.153931582767277,2.010836899675402,2.2970262658591523,0.0073969364166259766,1.0,19
C-TMLE (greedy),2.1023471789598123,1.9819420575507116,2.2227523003689127,106.91453003883362,1.0,19
C-TMLE (adaptive correlation),2.103572780301931,1.9849504939029965,2.2221950667008654,11.468945026397705,1.0,19
Oracle TMLE,2.012597049988829,1.8847409948135574,2.140453105164101,0.0045871734619140625,1.0,19
Naive difference in means,3.158482559723436,2.832897765951975,3.4840673534948965,0.0,1.0,20
One-step (AIPW),2.0071671157110873,1.8351825916021645,2.17915163982001,17.650119066238403,1.0,20
TMLE (unweighted),1.9953646759824661,1.8248465342329414,2.165882817731991,3.2470648288726807,1.0,20
TMLE (weighted),2.0070181275223287,1.8356390306382009,2.1783972244064564,0.03218698501586914,1.0,20
C-TMLE (greedy),2.0091486899049795,1.8553535002260138,2.162943879583945,157.9227650165558,1.0,20
C-TMLE (adaptive correlation),2.0154299156365996,1.8625534288920693,2.1683064023811296,25.855504989624023,1.0,20
Oracle TMLE,2.0447514203604396,1.9142386307413735,2.1752642099795056,0.005372047424316406,1.0,20
Naive difference in means,3.125575080809919,2.798529929058063,3.452620232561775,0.0,1.0,21
One-step (AIPW),2.1004275328965187,1.8531212229732072,2.34773384281983,0.004524946212768555,1.0,21
TMLE (unweighted),2.102310913821837,1.8531774027595065,2.3514444248841673,0.0068209171295166016,1.0,21
TMLE (weighted),2.100486900356961,1.853031160708121,2.347942640005801,0.005674839019775391,1.0,21
C-TMLE (greedy),2.119322758733993,1.9406585410078678,2.297986976460118,94.95317792892456,1.0,21
C-TMLE (adaptive correlation),2.133291218979709,1.9789171141765078,2.28766532378291,21.79352307319641,1.0,21
Oracle TMLE,1.995823277969445,1.8671241125135896,2.1245224434253003,0.004585981369018555,1.0,21
Naive difference in means,3.2240257342400493,2.89773559531239,3.5503158731677087,0.0,1.0,22
One-step (AIPW),2.154831235655226,2.0131640907816193,2.296498380528833,0.0032699108123779297,1.0,22
TMLE (unweighted),2.187814979941113,2.0481335196992827,2.3274964401829434,0.004746913909912109,1.0,22
TMLE (weighted),2.1571397136373283,2.0159662614001386,2.298313165874518,0.004701852798461914,1.0,22
C-TMLE (greedy),2.1000104908864103,1.96346979398254,2.2365511877902806,87.44148206710815,1.0,22
C-TMLE (adaptive correlation),2.093939274549862,1.963648480690334,2.2242300684093905,12.750535011291504,1.0,22
Oracle TMLE,2.049717013254211,1.9169026586336797,2.1825313678747422,0.004461050033569336,1.0,22
Naive difference in means,3.3927718405010174,3.0676683371619373,3.7178753438400975,0.0,1.0,23
One-step (AIPW),2.0239072694376494,1.7776794653598866,2.270135073515412,17.712979078292847,1.0,23
TMLE (unweighted),2.0297392896244806,1.787627084850215,2.2718514943987462,3.2470510005950928,1.0,23
TMLE (weighted),2.0244156196078653,1.7785392939550235,2.2702919452607073,0.03218793869018555,1.0,23
C-TMLE (greedy),2.0435978530231362,1.9087529086749404,2.178442797371332,185.6376588344574,1.0,23
C-TMLE (adaptive correlation),2.030220772834036,1.7954309860895037,2.2650105595785677,31.855571031570435,1.0,23
Oracle TMLE,2.095641324231993,1.965443043737688,2.225839604726298,0.0048220157623291016,1.0,23
Naive difference in means,3.1025094678279674,2.773067899626218,3.4319510360297167,0.0,1.0,24
One-step (AIPW),2.0965471703148744,1.881278113337888,2.3118162272918608,0.0035698413848876953,1.0,24
TMLE (unweighted),2.09705780519781,1.882940997705933,2.3111746126896873,0.005203962326049805,1.0,24
TMLE (weighted),2.0962094105077838,1.8811285990740676,2.3112902219415,0.005151987075805664,1.0,24
C-TMLE (greedy),2.0720250181207804,1.9487201297326195,2.1953299065089413,118.16869711875916,1.0,24
C-TMLE (adaptive correlation),2.0765551715531783,1.954501777788684,2.1986085653176723,10.566018104553223,1.0,24
Oracle TMLE,2.029601059801273,1.8989899169190143,2.1602122026835313,0.004289865493774414,1.0,24
Naive difference in means,2.9415928887996476,2.6305393714725045,3.252646406126791,0.0,1.0,25
One-step (AIPW),1.9082720327938303,1.7409179545019413,2.0756261110857195,0.003155946731567383,1.0,25
TMLE (unweighted),1.8838694927046775,1.721096506891905,2.04664247851745,0.004694938659667969,1.0,25
TMLE (weighted),1.9075931822714136,1.7410268533137248,2.0741595112291025,0.004942178726196289,1.0,25
C-TMLE (greedy),1.9864083384166669,1.8268984502002588,2.145918226633075,132.4832260608673,1.0,25
C-TMLE (adaptive correlation),1.9546196737634545,1.8224293004832053,2.0868100470437034,28.634629011154175,1.0,25
Oracle TMLE,1.8964271611148984,1.7647610259548028,2.028093296274994,0.004345893859863281,1.0,25
Naive difference in means,2.9819443142730377,2.6543044593087166,3.309584169237359,0.0,1.0,26
One-step (AIPW),1.968039412801569,1.7605413739444256,2.1755374516587125,23.47275400161743,1.0,26
TMLE (unweighted),1.9682972510833079,1.7576322392802717,2.178962262886344,3.6885480880737305,1.0,26
TMLE (weighted),1.9678356542633122,1.7601666710203743,2.17550463750625,0.026178836822509766,1.0,26
C-TMLE (greedy),1.987499137023053,1.8021007795688575,2.172897494477249,456.54289412498474,1.0,26
C-TMLE (adaptive correlation),1.9551502620928587,1.8162994413335105,2.094001082852207,13.6788489818573,1.0,26
Oracle TMLE,1.9456701314139522,1.8120094003522098,2.0793308624756945,0.007108926773071289,1.0,26
Naive difference in means,2.81181486808757,2.483399203879198,3.140230532295942,0.0,1.0,27
One-step (AIPW),1.8745662071936837,1.7218289027581464,2.027303511629221,0.005589008331298828,1.0,27
TMLE (unweighted),1.8616716740876342,1.7101286683671955,2.013214679808073,0.008307933807373047,1.0,27
TMLE (weighted),1.87444034722968,1.7222608679359315,2.0266198265234285,0.00831294059753418,1.0,27
C-TMLE (greedy),1.9364144193049098,1.8085303666728645,2.0642984719369553,89.40790700912476,1.0,27
C-TMLE (adaptive correlation),1.92829334522444,1.7978022532919522,2.0587844371569277,22.10630488395691,1.0,27
Oracle TMLE,1.9711142354581317,1.8404832131941278,2.101745257722136,0.007235050201416016,1.0,27
Naive difference in means,2.9875083546124848,2.6557003610580736,3.319316348166896,0.0,1.0,28
One-step (AIPW),1.8971546246224296,1.7518397275552264,2.0424695216896325,0.006021976470947266,1.0,28
TMLE (unweighted),1.8894932947182292,1.7439537132452394,2.035032876191219,0.008896112442016602,1.0,28
TMLE (weighted),1.8967966754327399,1.7514753482783232,2.0421180025871566,0.009247064590454102,1.0,28
C-TMLE (greedy),1.9060367708024784,1.7868859669193373,2.0251875746856194,56.72161102294922,1.0,28
C-TMLE (adaptive correlation),1.91588016441625,1.7881835214245425,2.043576807407957,12.829490900039673,1.0,28
Oracle TMLE,1.97331084850173,1.8498919224615795,2.0967297745418807,0.0070650577545166016,1.0,28
Naive difference in means,3.1426287032322606,2.8174030997954675,3.4678543066690537,0.0,1.0,29
One-step (AIPW),2.1677934096696485,1.9767028758468221,2.358883943492475,0.005173921585083008,1.0,29
TMLE (unweighted),2.201981848177311,2.027902008521548,2.376061687833074,0.007580995559692383,1.0,29
TMLE (weighted),2.167754587050502,1.9798191468130526,2.3556900272879515,0.007770061492919922,1.0,29
C-TMLE (greedy),2.0726710226557112,1.9066004920326702,2.2387415532787522,70.65278506278992,1.0,29
C-TMLE (adaptive correlation),2.0829947167138436,1.9296043112943682,2.2363851221333193,7.614285945892334,1.0,29
Oracle TMLE,2.030699046598663,1.8961312984770815,2.1652667947202446,0.0069239139556884766,1.0,29
Naive difference in means,3.0519180931157646,2.7373838822713985,3.3664523039601306,0.0,1.0,30
One-step (AIPW),1.877116449911624,1.6560630234427711,2.098169876380477,23.471444129943848,1.0,30
TMLE (unweighted),1.90040720584662,1.658928958506091,2.141885453187149,3.6885499954223633,1.0,30
TMLE (weighted),1.8791108829421355,1.6572586696414506,2.10096309624282,0.026150941848754883,1.0,30
C-TMLE (greedy),1.9391242893748741,1.7922473609433962,2.086001217806352,524.2347040176392,1.0,30
C-TMLE (adaptive correlation),1.9559210004356447,1.810065400146689,2.1017766007246004,33.798561096191406,1.0,30
Oracle TMLE,1.9650873944156182,1.8293492768670319,2.1008255119642043,0.006479978561401367,1.0,30
Naive difference in means,3.311401042047473,3.0082082399797985,3.6145938441151477,0.0,1.0,31
One-step (AIPW),1.9899814572357863,1.793776831295033,2.1861860831765396,0.004778146743774414,1.0,31
TMLE (unweighted),1.988644078675281,1.7940856275464687,2.1832025298040936,0.006587982177734375,1.0,31
TMLE (weighted),1.9912146033648046,1.7957852771674112,2.186643929562198,0.0066640377044677734,1.0,31
C-TMLE (greedy),2.0573623154179312,1.9242357378160118,2.1904888930198507,89.2836639881134,1.0,31
C-TMLE (adaptive correlation),2.0748993713891486,1.9396369256055406,2.2101618171727564,12.487588167190552,1.0,31
Oracle TMLE,2.108883053897063,1.976769902224143,2.240996205569983,0.007185935974121094,1.0,31
Naive difference in means,2.893609465704367,2.5829776839022895,3.204241247506445,0.0,1.0,32
One-step (AIPW),2.1411755605389895,1.9854405634334023,2.2969105576445767,0.005476951599121094,1.0,32
TMLE (unweighted),2.1496745832234647,1.9986756723202104,2.300673494126719,0.008167028427124023,1.0,32
TMLE (weighted),2.1417253493249717,1.9866977515038624,2.296752947146081,0.008194923400878906,1.0,32
C-TMLE (greedy),2.0945239131951614,1.9514642733391354,2.2375835530511874,91.9400908946991,1.0,32
C-TMLE (adaptive correlation),2.1154529225529584,1.9711544909039467,2.25975135420197,12.85191297531128,1.0,32
Oracle TMLE,2.0218533511470067,1.8930937599732873,2.150612942320726,0.0077550411224365234,1.0,32
Naive difference in means,3.1500454482981306,2.8300484016914593,3.470042494904802,0.0,1.0,33
One-step (AIPW),2.066229065105371,1.8976385332095826,2.23481959700116,23.47276997566223,1.0,33
TMLE (unweighted),2.0585614324832857,1.892238647198858,2.2248842177677135,3.688525915145874,1.0,33
TMLE (weighted),2.0664182579314607,1.8984068313516187,2.2344296845113027,0.026185989379882812,1.0,33
C-TMLE (greedy),2.1107889403494062,1.9850583972922027,2.2365194834066098,370.0993001461029,1.0,33
C-TMLE (adaptive correlation),2.1014780886075712,1.97727865375418,2.2256775234609623,56.57368016242981,1.0,33
Oracle TMLE,2.0633774919623993,1.9378174757273825,2.188937508197416,0.008380889892578125,1.0,33
Naive difference in means,2.978537299094841,2.6473544027638676,3.3097201954258146,0.0,1.0,34
One-step (AIPW),2.001157755103319,1.843296152239302,2.159019357967336,0.006403923034667969,1.0,34
TMLE (unweighted),2.007583132924229,1.8502707021000164,2.1648955637484413,0.009675979614257812,1.0,34
TMLE (weighted),2.0013130496112286,1.8435624796449712,2.159063619577486,0.009696006774902344,1.0,34
C-TMLE (greedy),2.0013130496112286,1.8435624796449712,2.159063619577486,141.08233499526978,1.0,34
C-TMLE (adaptive correlation),2.001313049611228,1.8435624796449708,2.1590636195774855,18.100586891174316,1.0,34
Oracle TMLE,1.9919715970403986,1.8569047618064332,2.127038432274364,0.0077130794525146484,1.0,34
Naive difference in means,2.817762985082264,2.500699653057294,3.1348263171072337,0.0,1.0,35
One-step (AIPW),1.860213017579573,1.6817496640224379,2.038676371136708,0.005738019943237305,1.0,35
TMLE (unweighted),1.8513788608988961,1.6869440845715307,2.0158136372262616,0.008324861526489258,1.0,35
TMLE (weighted),1.8607367011661744,1.684956942330325,2.036516460002024,0.008596181869506836,1.0,35
C-TMLE (greedy),1.9575930101088093,1.83256070042271,2.0826253197949085,62.398823976516724,1.0,35
C-TMLE (adaptive correlation),1.953645057679532,1.8121762373933277,2.095113877965736,7.008869886398315,1.0,35
Oracle TMLE,1.893306668025262,1.762191647002712,2.024421689047812,0.007210969924926758,1.0,35
Naive difference in means,2.9670812293453315,2.6296279812163665,3.3045344774742964,0.0,1.0,36
One-step (AIPW),2.0078580965062023,1.7041038373845918,2.3116123556278128,23.23563313484192,1.0,36
TMLE (unweighted),2.0417100158696666,1.7898608485213985,2.2935591832179347,3.9257850646972656,1.0,36
TMLE (weighted),2.0105662699886557,1.711982647706042,2.3091498922712694,0.024586915969848633,1.0,36
C-TMLE (greedy),2.131303475611961,1.9799648091133843,2.2826421421105376,189.60735297203064,1.0,36
C-TMLE (adaptive correlation),2.121419111297686,1.9982388853531483,2.244599337242224,6.225122928619385,1.0,36
Oracle TMLE,2.021746264242594,1.8920491385241764,2.1514433899610115,0.004246950149536133,1.0,36
Naive difference in means,3.1794811170294666,2.8577165282405455,3.5012457058183877,0.0,1.0,37
One-step (AIPW),1.9794476304602564,1.8138215381298781,2.1450737227906345,0.002875089645385742,1.0,37
TMLE (unweighted),1.9793913294078018,1.8139004336324938,2.14488222518311,0.00412297248840332,1.0,37
TMLE (weighted),1.979447835570192,1.8138306923785383,2.145064978761846,0.0040891170501708984,1.0,37
C-TMLE (greedy),2.012202150560667,1.8691157800283429,2.1552885210929906,132.09521794319153,1.0,37
C-TMLE (adaptive correlation),1.9812518649167068,1.8576410761472932,2.10486265368612,5.55446195602417,1.0,37
Oracle TMLE,1.9818631173387722,1.8476394529041036,2.116086781773441,0.0038750171661376953,1.0,37
Naive difference in means,2.9443643886396713,2.6379250126244638,3.250803764654879,0.0,1.0,38
One-step (AIPW),1.9905666656182395,1.838624380704017,2.142508950532462,0.0029239654541015625,1.0,38
TMLE (unweighted),1.9852822279875442,1.8343618357150562,2.136202620260032,0.004298210144042969,1.0,38
TMLE (weighted),1.990331697983983,1.8385178778029703,2.1421455181649955,0.0042150020599365234,1.0,38
C-TMLE (greedy),1.9802264294081828,1.8450878336029222,2.1153650252134435,70.97818899154663,1.0,38
C-TMLE (adaptive correlation),2.0038397437511146,1.8778108790432486,2.1298686084589806,5.622563123703003,1.0,38
Oracle TMLE,2.0065512948777378,1.875713791355226,2.1373887984002495,0.004220008850097656,1.0,38
Naive difference in means,3.06516693410193,2.743841032447051,3.386492835756809,0.0,1.0,39
One-step (AIPW),1.9584579690398083,1.78620773502636,2.1307082030532567,23.235555171966553,1.0,39
TMLE (unweighted),1.9532264544807236,1.7808830392565482,2.1255698697048993,3.9257969856262207,1.0,39
TMLE (weighted),1.958196304463102,1.7859451857687085,2.1304474231574955,0.024289846420288086,1.0,39
C-TMLE (greedy),1.971285468554308,1.8369503029480168,2.105620634160599,253.6093111038208,1.0,39
C-TMLE (adaptive correlation),1.9761168339738764,1.811764393461326,2.140469274486427,30.52725887298584,1.0,39
Oracle TMLE,1.9375316087921772,1.7961138681583437,2.0789493494260105,0.0042018890380859375,1.0,39
Naive difference in means,3.069940514043343,2.7495169881288946,3.3903640399577912,0.0,1.0,40
One-step (AIPW),1.9706612375252717,1.8101121993588767,2.1312102756916667,0.0028319358825683594,1.0,40
TMLE (unweighted),1.9755629010772318,1.8153002043428497,2.1358255978116136,0.00418400764465332,1.0,40
TMLE (weighted),1.9708308881275007,1.8103246331364256,2.131337143118576,0.004082918167114258,1.0,40
C-TMLE (greedy),1.917893634174718,1.7816654078384806,2.0541218605109552,134.30526614189148,1.0,40
C-TMLE (adaptive correlation),1.9588999443809776,1.8388996107902482,2.078900277971707,6.080127954483032,1.0,40
Oracle TMLE,1.9821443185075514,1.8553732780795507,2.108915358935552,0.003969907760620117,1.0,40
Naive difference in means,2.919517923954049,2.599267738691972,3.2397681092161266,0.0,1.0,41
One-step (AIPW),2.002519221795828,1.8407243817828804,2.164314061808775,0.002933979034423828,1.0,41
TMLE (unweighted),2.0072097329318117,1.8455671315895956,2.168852334274028,0.004278898239135742,1.0,41
TMLE (weighted),2.0024838789363035,1.8407271840588275,2.1642405738137795,0.00419306755065918,1.0,41
C-TMLE (greedy),2.0247815781086755,1.8914451514858877,2.158118004731463,101.46011281013489,1.0,41
C-TMLE (adaptive correlation),2.015210406874936,1.8819682100422537,2.148452603707619,32.54525303840637,1.0,41
Oracle TMLE,1.9414715644364822,1.8107035987926865,2.0722395300802776,0.004611015319824219,1.0,41
Naive difference in means,2.9671911779833655,2.6416034342918246,3.2927789216749064,0.0,1.0,42
One-step (AIPW),2.105427128445251,1.9377482194444124,2.2731060374460896,20.628342866897583,1.0,42
TMLE (unweighted),2.092045718252009,1.92507314029269,2.259018296211328,3.688565969467163,1.0,42
TMLE (weighted),2.1038824057470635,1.937478916959603,2.270285894534524,0.02616095542907715,1.0,42
C-TMLE (greedy),2.016959659631427,1.884346669979396,2.149572649283458,334.27161502838135,1.0,42
C-TMLE (adaptive correlation),2.028062265446828,1.8959658803154813,2.1601586505781745,28.10242986679077,1.0,42
Oracle TMLE,2.0156843813855483,1.8846307227523258,2.146738040018771,0.0067119598388671875,1.0,42
Naive difference in means,2.8605363264126247,2.547103851847153,3.173968800978096,0.0,1.0,43
One-step (AIPW),2.0890800287705606,1.9402619203093396,2.237898137231782,0.005522966384887695,1.0,43
TMLE (unweighted),2.089471298057606,1.9409145746786833,2.238028021436528,0.009235143661499023,1.0,43
TMLE (weighted),2.0890759189381085,1.9402953077481053,2.237856530128112,0.009490966796875,1.0,43
C-TMLE (greedy),2.0682769018606293,1.9425432330099923,2.1940105707112663,137.6330738067627,1.0,43
C-TMLE (adaptive correlation),2.0682769018606293,1.9425432330099923,2.1940105707112663,10.621330976486206,1.0,43
Oracle TMLE,2.104530973058347,1.9775804329119493,2.2314815132047445,0.0037729740142822266,1.0,43
Naive difference in means,2.96272782720483,2.651129347321249,3.274326307088411,0.0,1.0,44
One-step (AIPW),1.885836256379088,1.627247217551688,2.1444252952064877,0.0027229785919189453,1.0,44
TMLE (unweighted),1.9272522779272163,1.708000579258593,2.14650397659584,0.004464149475097656,1.0,44
TMLE (weighted),1.889392620869069,1.6377406521087416,2.1410445896293964,0.004729032516479492,1.0,44
C-TMLE (greedy),2.0163126581022786,1.8525948710497444,2.180030445154813,250.6144950389862,1.0,44
C-TMLE (adaptive correlation),2.007419354170492,1.8848129030359329,2.1300258053050514,4.371153831481934,1.0,44
Oracle TMLE,1.9824067541101935,1.8452059205929767,2.11960758762741,0.0037839412689208984,1.0,44
Naive difference in means,3.016024923830974,2.6918457066606027,3.3402041410013457,0.0,1.0,45
One-step (AIPW),1.9352379685903884,1.7586653048008498,2.1118106323799273,23.235656023025513,1.0,45
TMLE (unweighted),1.9400739365148447,1.7689374677484548,2.1112104052812346,3.925809860229492,1.0,45
TMLE (weighted),1.9352691833570295,1.759404171165717,2.111134195548342,0.02427387237548828,1.0,45
C-TMLE (greedy),1.8856003320041141,1.7641551067473453,2.007045557260883,139.71299195289612,1.0,45
C-TMLE (adaptive correlation),1.8855240660808263,1.764070361629611,2.0069777705320417,16.81144905090332,1.0,45
Oracle TMLE,1.8830868723027643,1.7579851574460874,2.008188587159441,6.993907928466797,1.0,45
Naive difference in means,3.3256133205309055,2.9953256759401024,3.6559009651217087,0.0,1.0,46
One-step (AIPW),2.038875566514247,1.876059237752173,2.201691895276321,0.0033559799194335938,1.0,46
TMLE (unweighted),2.040274119429895,1.8774906180134792,2.203057620846311,0.00430607795715332,1.0,46
TMLE (weighted),2.0389296023069576,1.8761167540466441,2.2017424505672714,0.004113197326660156,1.0,46
C-TMLE (greedy),2.0446987972067276,1.9039142228164023,2.185483371597053,104.43137788772583,1.0,46
C-TMLE (adaptive correlation),2.0431146757341976,1.9096824934088696,2.1765468580595257,16.942317008972168,1.0,46
Oracle TMLE,2.057396330717155,1.9173088259049709,2.1974838355293396,0.004083871841430664,1.0,46
Naive difference in means,3.221756660226556,2.9102163041668865,3.533297016286226,0.0,1.0,47
One-step (AIPW),2.04062683404679,1.8685175051077882,2.2127361629857916,0.0028700828552246094,1.0,47
TMLE (unweighted),2.040143562481087,1.8684654483640655,2.2118216765981087,0.00445103645324707,1.0,47
TMLE (weighted),2.0405199278949318,1.8684590202272582,2.2125808355626053,0.0047571659088134766,1.0,47
C-TMLE (greedy),1.9780879365239616,1.8382282849286944,2.117947588119229,137.2864990234375,1.0,47
C-TMLE (adaptive correlation),1.9801796540350556,1.8422824173652201,2.118076890704891,19.264869213104248,1.0,47
Oracle TMLE,2.0137925016789007,1.8916264233054614,2.13595858005234,0.0044820308685302734,1.0,47
Naive difference in means,3.205434167569925,2.8877043950519727,3.523163940087877,0.0,1.0,48
One-step (AIPW),1.983413754313677,1.8070509069368765,2.1597766016904774,23.23562979698181,1.0,48
TMLE (unweighted),1.9804885285202374,1.804886245118686,2.1560908119217888,3.9258248805999756,1.0,48
TMLE (weighted),1.9833452847098907,1.8070661321551809,2.1596244372646005,0.024277925491333008,1.0,48
C-TMLE (greedy),1.9741690326143975,1.8506879579612565,2.097650107267538,140.42031598091125,1.0,48
C-TMLE (adaptive correlation),1.961337903352577,1.8125334038297105,2.1101424028754434,41.10257697105408,1.0,48
Oracle TMLE,1.9735516114057763,1.8453244507907602,2.101778772020792,0.005005836486816406,1.0,48
Naive difference in means,3.1499373306702028,2.8271327854395816,3.472741875900824,0.0,1.0,49
One-step (AIPW),1.5726281297653166,0.7418882923408934,2.40336796718974,0.0037419795989990234,1.0,49
TMLE (unweighted),1.967118488788166,1.8080031798242735,2.1262337977520587,0.005415916442871094,1.0,49
TMLE (weighted),1.6245231815273018,0.9138119422648391,2.3352344207897646,0.0053310394287109375,1.0,49
C-TMLE (greedy),1.954053320292788,1.7757846867699756,2.132321953815601,111.48593592643738,1.0,49
C-TMLE (adaptive correlation),1.9858997290313776,1.8030265070499976,2.1687729510127576,28.042356967926025,1.0,49
Oracle TMLE,2.0359595357225126,1.8972293087313805,2.174689762713645,0.004663944244384766,1.0,49
Naive difference in means,2.9194628906871265,2.5913030374436543,3.2476227439305987,0.0,1.0,50
One-step (AIPW),1.9711465917347593,1.7777847313772297,2.1645084520922886,0.003407001495361328,1.0,50
TMLE (unweighted),1.970027085633233,1.777202635883354,2.162851535383112,0.00510406494140625,1.0,50
TMLE (weighted),1.971123592068629,1.7778220929281134,2.1644250912091447,0.004970073699951172,1.0,50
C-TMLE (greedy),1.984476611968063,1.8558796793704777,2.1130735445656486,48.11608600616455,1.0,50
C-TMLE (adaptive correlation),1.9781015246061824,1.8520424305875995,2.1041606186247654,34.550069093704224,1.0,50
Oracle TMLE,1.9169334862599712,1.7823393328003452,2.051527639719597,0.004884958267211914,1.0,50
Naive difference in means,3.1417060045114056,2.8209473744018747,3.4624646346209365,0.0,1.0,51
One-step (AIPW),1.9886375994733223,1.7990103833126627,2.178264815633982,19.12461519241333,1.0,51
TMLE (unweighted),1.9812461364303755,1.792469375413654,2.170022897447097,2.9005699157714844,1.0,51
TMLE (weighted),1.9884644480727283,1.799059960513779,2.1778689356316776,0.008765935897827148,1.0,51
C-TMLE (greedy),2.022018499224009,1.8901553860456115,2.1538816124024063,432.43196392059326,1.0,51
C-TMLE (adaptive correlation),1.9935622823456773,1.8100044184441997,2.177120146247155,21.99447989463806,1.0,51
Oracle TMLE,2.004808422195256,1.8707697413010038,2.1388471030895078,0.004426002502441406,1.0,51
Naive difference in means,3.2100149668783464,2.9036381880430047,3.516391745713688,0.0,1.0,52
One-step (AIPW),2.0944435937443506,1.9149911525601664,2.273896034928535,0.003607034683227539,1.0,52
TMLE (unweighted),2.0876592703063266,1.9141357322864083,2.261182808326245,0.0055658817291259766,1.0,52
TMLE (weighted),2.094667227125888,1.91614990762155,2.2731845466302265,0.0054399967193603516,1.0,52
C-TMLE (greedy),2.149050668824373,2.0226709523156985,2.2754303853330478,63.287999868392944,1.0,52
C-TMLE (adaptive correlation),2.140413162225591,2.0208855972365405,2.2599407272146412,6.801955938339233,1.0,52
Oracle TMLE,2.0648631305080962,1.936272376271014,2.1934538847451788,0.004066944122314453,1.0,52
Naive difference in means,3.167356506480179,2.8490292401596258,3.485683772800732,0.0,1.0,53
One-step (AIPW),2.11038956801467,1.9523198432617175,2.2684592927676226,0.003609180450439453,1.0,53
TMLE (unweighted),2.149263568927705,1.993580185681711,2.3049469521736987,0.0045680999755859375,1.0,53
TMLE (weighted),2.1115043508457494,1.9543871183067139,2.268621583384785,0.004333019256591797,1.0,53
C-TMLE (greedy),2.087190603533773,1.9403585070305882,2.2340227000369577,62.53783392906189,1.0,53
C-TMLE (adaptive correlation),2.0475505042557933,1.8694654254712104,2.2256355830403765,12.282620906829834,1.0,53
Oracle TMLE,2.063442335314951,1.9285464108292925,2.19833825980061,0.004333972930908203,1.0,53
Naive difference in means,2.790802573457936,2.4839477748419756,3.0976573720738965,0.0,1.0,54
One-step (AIPW),2.0176357326929897,1.7808333219558015,2.254438143430178,0.0041730403900146484,1.0,54
TMLE (unweighted),2.0308008020017447,1.8128131174370854,2.248788486566404,0.004827022552490234,1.0,54
TMLE (weighted),2.0180722476736364,1.7831274093055558,2.253017086041717,0.004369974136352539,1.0,54
C-TMLE (greedy),2.0180722476736364,1.7831274093055558,2.253017086041717,47.904027223587036,1.0,54
C-TMLE (adaptive correlation),2.0215095599562445,1.7824704385448071,2.260548681367682,15.962804079055786,1.0,54
Oracle TMLE,1.9156469652829533,1.7917203273882583,2.039573603177648,0.004770994186401367,1.0,54
Naive difference in means,3.110857313998346,2.777513753760882,3.4442008742358103,0.0,1.0,55
One-step (AIPW),2.105452137892436,1.9188168195918984,2.292087456192973,16.93389105796814,1.0,55
TMLE (unweighted),2.10725008798495,1.9206761251270734,2.2938240508428267,3.1456708908081055,1.0,55
TMLE (weighted),2.1054010064150868,1.918845625602005,2.2919563872281685,0.008996963500976562,1.0,55
C-TMLE (greedy),2.1236798322179604,1.9800278621285208,2.2673318023074,229.91058778762817,1.0,55
C-TMLE (adaptive correlation),2.0837897007700605,1.956508431014805,2.211070970525316,19.873573064804077,1.0,55
Oracle TMLE,2.0255672546368095,1.8912835966749055,2.1598509125987135,0.004683017730712891,1.0,55
Naive difference in means,3.2918040723909185,2.982264111619754,3.601344033162083,0.0,1.0,56
One-step (AIPW),2.2177327098815063,2.039702499540619,2.3957629202223933,0.004388093948364258,1.0,56
TMLE (unweighted),2.246438185166265,2.0717627644042693,2.4211136059282605,0.0052220821380615234,1.0,56
TMLE (weighted),2.219113163736194,2.0420848278798065,2.3961414995925816,0.004949092864990234,1.0,56
C-TMLE (greedy),2.1398163291407504,2.0055722592655116,2.274060399015989,182.33374905586243,1.0,56
C-TMLE (adaptive correlation),2.160858477125693,2.023120917334641,2.2985960369167446,18.762757062911987,1.0,56
Oracle TMLE,2.1284390146069474,1.9979474432801436,2.258930585933751,0.00489497184753418,1.0,56
Naive difference in means,2.963212263844417,2.6379946326091934,3.2884298950796405,0.0,1.0,57
One-step (AIPW),2.075627235002666,1.8244079405067917,2.3268465294985408,0.004191875457763672,1.0,57
TMLE (unweighted),2.0579756082354277,1.8459357060540524,2.270015510416803,0.004854917526245117,1.0,57
TMLE (weighted),2.074444950327183,1.826799149315875,2.3220907513384907,0.0045850276947021484,1.0,57
C-TMLE (greedy),2.0124983092980293,1.8784292368230537,2.146567381773005,71.11442708969116,1.0,57
C-TMLE (adaptive correlation),2.033794586276734,1.9090216812746676,2.1585674912788004,8.256568908691406,1.0,57
Oracle TMLE,2.007544245035851,1.8704393655347826,2.1446491245369192,0.004004955291748047,1.0,57
Naive difference in means,2.798173801805687,2.4811372164381145,3.1152103871732595,0.0,1.0,58
One-step (AIPW),1.9845850883427425,1.8241178012594086,2.145052375426076,19.121654987335205,1.0,58
TMLE (unweighted),2.0180166488413,1.8227082275871263,2.2133250700954736,2.903589963912964,1.0,58
TMLE (weighted),1.9873775136484468,1.8252157267891562,2.1495393005077377,0.008666038513183594,1.0,58
C-TMLE (greedy),2.055137250479775,1.9257207413212831,2.1845537596382667,147.12966299057007,1.0,58
C-TMLE (adaptive correlation),2.0431331799423353,1.903305936301509,2.182960423583162,23.15786099433899,1.0,58
Oracle TMLE,1.959173589697444,1.833152981303219,2.085194198091669,0.004817008972167969,1.0,58
Naive difference in means,3.0187944798538124,2.6974145642013116,3.3401743955063132,0.0,1.0,59
One-step (AIPW),2.008621515455679,1.824458887927904,2.1927841429834536,0.004231929779052734,1.0,59
TMLE (unweighted),1.9979811543797523,1.8023886164912897,2.193573692268215,0.00487208366394043,1.0,59
TMLE (weighted),2.008131248081944,1.8235578208547838,2.192704675309104,0.0045490264892578125,1.0,59
C-TMLE (greedy),1.9685296812123683,1.8356197324820296,2.101439629942707,111.3594880104065,1.0,59
C-TMLE (adaptive correlation),1.9157661709744431,1.7366537617238023,2.094878580225084,23.22342300415039,1.0,59
Oracle TMLE,1.9803577190683168,1.8465548688146192,2.1141605693220145,0.0046269893646240234,1.0,59
Naive difference in means,3.0347801938545254,2.70107721393867,3.3684831737703806,0.0,1.0,60
One-step (AIPW),2.0127315956730065,1.8467555002804437,2.1787076910655694,0.0041332244873046875,1.0,60
TMLE (unweighted),2.015159230721781,1.8504275217829596,2.179890939660602,0.004861116409301758,1.0,60
TMLE (weighted),2.01384001583758,1.848646340491662,2.1790336911834984,0.004615068435668945,1.0,60
C-TMLE (greedy),2.075926898195502,1.953490824739936,2.1983629716510675,91.28814387321472,1.0,60
C-TMLE (adaptive correlation),2.058082171903439,1.921093585125689,2.1950707586811884,23.19661784172058,1.0,60
Oracle TMLE,2.048679733296645,1.9260920381770967,2.1712674284161935,0.005279064178466797,1.0,60
Naive difference in means,3.0522555516513616,2.7394317727412294,3.365079330561494,0.0,1.0,61
One-step (AIPW),2.032685166582904,1.8598341123452913,2.2055362208205174,17.175971031188965,1.0,61
TMLE (unweighted),1.9986561180744593,1.8249642146374414,2.1723480215114774,2.903618097305298,1.0,61
TMLE (weighted),2.031326278243433,1.858663158270435,2.2039893982164314,0.0326080322265625,1.0,61
C-TMLE (greedy),2.0710360822919247,1.8985592155232676,2.243512949060582,528.3947768211365,1.0,61
C-TMLE (adaptive correlation),2.0858471733128767,1.9629699926831492,2.2087243539426042,11.710885047912598,1.0,61
Oracle TMLE,2.0318925173225892,1.9019523270774539,2.161832707567725,0.003818035125732422,1.0,61
Naive difference in means,2.671773775005302,2.356174098650875,2.9873734513597294,0.0,1.0,62
One-step (AIPW),1.9173662356167787,1.72747072807645,2.1072617431571072,0.0034270286560058594,1.0,62
TMLE (unweighted),1.8852636579590807,1.7022958411032283,2.068231474814933,0.00447392463684082,1.0,62
TMLE (weighted),1.9163849165289908,1.7277625865389492,2.1050072465190324,0.004230976104736328,1.0,62
C-TMLE (greedy),1.9640747442881334,1.791260337622903,2.1368891509533636,75.63135695457458,1.0,62
C-TMLE (adaptive correlation),1.9742405099304767,1.8249065737214216,2.123574446139532,12.940991878509521,1.0,62
Oracle TMLE,2.003362479956457,1.8715306608019144,2.1351942991109993,0.004492998123168945,1.0,62
Naive difference in means,2.8105985528828583,2.4796090570508738,3.141588048714843,0.0,1.0,63
One-step (AIPW),1.9321623217673947,1.769116982637443,2.0952076608973464,0.0037500858306884766,1.0,63
TMLE (unweighted),1.9324566164879726,1.7705866205757133,2.094326612400232,0.004487037658691406,1.0,63
TMLE (weighted),1.9322718138758415,1.7693335079889592,2.0952101197627235,0.004235029220581055,1.0,63
C-TMLE (greedy),1.941215442955153,1.8139959555610972,2.0684349303492087,48.38919401168823,1.0,63
C-TMLE (adaptive correlation),1.9246971490854028,1.767866310413505,2.0815279877573003,9.035526990890503,1.0,63
Oracle TMLE,1.985758197459405,1.8551421482079689,2.116374246710841,0.004002809524536133,1.0,63
Naive difference in means,2.8258994168845986,2.503704588818418,3.148094244950779,0.0,1.0,64
One-step (AIPW),1.8035495523045577,1.538164290367767,2.0689348142413486,19.12452483177185,1.0,64
TMLE (unweighted),1.8341133920688715,1.606605807554753,2.06162097658299,2.900601863861084,1.0,64
TMLE (weighted),1.8069712391995498,1.5467051835641952,2.0672372948349045,0.009568929672241211,1.0,64
C-TMLE (greedy),1.924919111787481,1.7980756272263752,2.051762596348587,147.49010396003723,1.0,64
C-TMLE (adaptive correlation),1.9184765843992282,1.7940379843982175,2.042915184400239,14.286375999450684,1.0,64
Oracle TMLE,1.973361505388048,1.8470357980309489,2.099687212745147,2.509639024734497,1.0,64
Naive difference in means,2.7363460422223955,2.417885041684546,3.054807042760245,0.0,1.0,65
One-step (AIPW),1.9094168749266147,1.7358282823207116,2.0830054675325176,0.004207134246826172,1.0,65
TMLE (unweighted),1.9138651648214418,1.7426367208642173,2.0850936087786662,0.004759788513183594,1.0,65
TMLE (weighted),1.9099747966637177,1.7366476857556807,2.0833019075717547,0.0043871402740478516,1.0,65
C-TMLE (greedy),1.9055309387545043,1.7648819550243557,2.0461799224846526,110.77485299110413,1.0,65
C-TMLE (adaptive correlation),1.9236118153023918,1.8044512871711453,2.0427723434336382,7.403065919876099,1.0,65
Oracle TMLE,1.9278185300696074,1.8046543032009341,2.0509827569382804,0.004684925079345703,1.0,65
Naive difference in means,3.0088963337814203,2.684845785439583,3.3329468821232577,0.0,1.0,66
One-step (AIPW),2.1844531485269196,1.961218766279099,2.4076875307747403,0.004530906677246094,1.0,66
TMLE (unweighted),2.1965371250799417,1.9745421580014013,2.418532092158482,0.0054149627685546875,1.0,66
TMLE (weighted),2.1832721383158784,1.9607778576427228,2.405766418989034,0.004786968231201172,1.0,66
C-TMLE (greedy),2.14338266064331,1.990219702018057,2.2965456192685636,131.35997009277344,1.0,66
C-TMLE (adaptive correlation),2.147745331744687,2.0022205001576503,2.2932701633317234,33.15349888801575,1.0,66
Oracle TMLE,2.094787278983154,1.964175882832156,2.225398675134152,0.004734039306640625,1.0,66
Naive difference in means,2.9077355696814786,2.5766721498404026,3.2387989895225546,0.0,1.0,67
One-step (AIPW),1.9329691577162091,1.702280326857713,2.1636579885747054,19.124486923217773,1.0,67
TMLE (unweighted),1.9287668772449857,1.7397535883071178,2.1177801661828535,2.9005630016326904,1.0,67
TMLE (weighted),1.9336165803510916,1.7065683841458248,2.1606647765563585,0.008726119995117188,1.0,67
C-TMLE (greedy),1.8491884005521646,1.7172245975572633,1.981152203547066,147.4928970336914,1.0,67
C-TMLE (adaptive correlation),1.8510631062011569,1.7076315540106703,1.9944946583916434,22.172255992889404,1.0,67
Oracle TMLE,1.86062785076033,1.730227573853592,1.991028127667068,0.005368947982788086,1.0,67
Naive difference in means,3.030339973329423,2.7247601538711717,3.3359197927876743,0.0,1.0,68
One-step (AIPW),2.1065612718656292,1.9459766013027389,2.2671459424285194,0.00442194938659668,1.0,68
TMLE (unweighted),2.076895860061245,1.9203273026230776,2.233464417499412,0.005181074142456055,1.0,68
TMLE (weighted),2.1053316629489847,1.9452145058021881,2.265448820095781,0.0047130584716796875,1.0,68
C-TMLE (greedy),2.191140098687365,2.0466761921412187,2.335604005233511,128.21414995193481,1.0,68
C-TMLE (adaptive correlation),2.1399733151063964,2.0230955009585507,2.256851129254242,8.58951997756958,1.0,68
Oracle TMLE,2.114099511534932,1.9923330414995106,2.2358659815703534,0.005235910415649414,1.0,68
Naive difference in means,3.0660057628333663,2.7478762898539855,3.3841352358127472,0.0,1.0,69
One-step (AIPW),1.976303396035682,1.8116126515135815,2.1409941405577824,0.004353046417236328,1.0,69
TMLE (unweighted),2.003112928843515,1.8379784857365236,2.168247371950507,0.005276918411254883,1.0,69
TMLE (weighted),1.9774300972210503,1.8128220345102193,2.1420381599318814,0.005198955535888672,1.0,69
C-TMLE (greedy),1.9384466525394486,1.8072674104052266,2.0696258946736705,49.562052965164185,1.0,69
C-TMLE (adaptive correlation),1.9338504947819213,1.7854107959329257,2.082290193630917,23.568240880966187,1.0,69
Oracle TMLE,1.9674873728067723,1.8349668933777257,2.100007852235819,0.005012989044189453,1.0,69
Naive difference in means,3.131613183918202,2.8197259215330672,3.443500446303337,0.0,1.0,70
One-step (AIPW),2.0647152952186945,1.9073395503661021,2.2220910400712865,16.93389892578125,1.0,70
TMLE (unweighted),2.0593008678716958,1.9011823294133265,2.217419406330065,3.1456921100616455,1.0,70
TMLE (weighted),2.062945749988473,1.905850475135848,2.220041024841098,0.008648872375488281,1.0,70
C-TMLE (greedy),1.9817756619667348,1.8394622905137776,2.124089033419692,473.63827896118164,1.0,70
C-TMLE (adaptive correlation),2.019232693694591,1.8927672440082202,2.1456981433809617,36.55650091171265,1.0,70
Oracle TMLE,2.029641974226919,1.9073964210965977,2.1518875273572404,0.004753828048706055,1.0,70
Naive difference in means,3.099408458433102,2.778030668469422,3.4207862483967824,0.0,1.0,71
One-step (AIPW),1.9875047899436182,1.7495735440150906,2.225436035872146,0.004150867462158203,1.0,71
TMLE (unweighted),1.9843403854757007,1.7572641955477102,2.211416575403691,0.004846811294555664,1.0,71
TMLE (weighted),1.9876876763096138,1.7509685191882982,2.2244068334309293,0.004441976547241211,1.0,71
C-TMLE (greedy),2.0253455117799177,1.8951132375853572,2.1555777859744785,67.6851179599762,1.0,71
C-TMLE (adaptive correlation),2.0398633456654887,1.8987318611446482,2.180994830186329,10.583619832992554,1.0,71
Oracle TMLE,2.022620192415706,1.8921904254711854,2.1530499593602266,0.00486302375793457,1.0,71
Naive difference in means,2.8253544083182023,2.4967491801387203,3.1539596364976843,0.0,1.0,72
One-step (AIPW),2.061736774689792,1.9107412875198175,2.2127322618597667,0.004160165786743164,1.0,72
TMLE (unweighted),2.065560779427889,1.9137992891166857,2.217322269739092,0.004904031753540039,1.0,72
TMLE (weighted),2.0615737779908794,1.9106377636866356,2.212509792295123,0.004503011703491211,1.0,72
C-TMLE (greedy),2.023365895292701,1.898945522957154,2.147786267628248,30.72747302055359,1.0,72
C-TMLE (adaptive correlation),2.0198931973587206,1.892221184765929,2.1475652099515123,4.345528841018677,1.0,72
Oracle TMLE,2.097578552818279,1.9697299126434877,2.2254271929930707,0.004225015640258789,1.0,72
Naive difference in means,3.218606757539308,2.9027938103578355,3.5344197047207806,0.0,1.0,73
One-step (AIPW),1.9556510875818967,1.7710000021221184,2.140302173041675,16.936262130737305,1.0,73
TMLE (unweighted),1.942189136912037,1.7657556304000206,2.1186226434240534,3.1456921100616455,1.0,73
TMLE (weighted),1.9551318289358464,1.7718658161483893,2.1383978417233034,0.03639817237854004,1.0,73
C-TMLE (greedy),2.012387297843745,1.8831265183503005,2.1416480773371895,344.148108959198,1.0,73
C-TMLE (adaptive correlation),2.0293840445309925,1.908186627886794,2.1505814611751912,36.502174854278564,1.0,73
Oracle TMLE,1.9768537305007872,1.8441192426921762,2.109588218309398,0.009093046188354492,1.0,73
Naive difference in means,2.852114826383764,2.5403161452088603,3.1639135075586675,0.0,1.0,74
One-step (AIPW),2.1880698204007727,1.979340684109576,2.3967989566919696,0.006540060043334961,1.0,74
TMLE (unweighted),2.1886142775611552,1.9795058570051212,2.3977226981171893,0.009180784225463867,1.0,74
TMLE (weighted),2.188087434072132,1.9793276813529026,2.396847186791361,0.009037017822265625,1.0,74
C-TMLE (greedy),2.1771694810203988,2.0321786176204673,2.3221603444203303,313.13902497291565,1.0,74
C-TMLE (adaptive correlation),2.1864379211897496,2.065813528364892,2.307062314014607,5.244364976882935,1.0,74
Oracle TMLE,2.104548610899067,1.9795908752247326,2.2295063465734017,0.008523941040039062,1.0,74
Naive difference in means,3.06371647357896,2.732442052613839,3.394990894544081,0.0,1.0,75
One-step (AIPW),2.203154213698345,1.8538465253240102,2.5524619020726793,0.006880044937133789,1.0,75
TMLE (unweighted),2.153724568278121,1.9111904258228876,2.3962587107333544,0.009653091430664062,1.0,75
TMLE (weighted),2.2001970821591574,1.8626754916268666,2.5377186726914482,0.009555816650390625,1.0,75
C-TMLE (greedy),2.0272614858656164,1.8643366417518539,2.1901863299793787,50.29505801200867,1.0,75
C-TMLE (adaptive correlation),2.0290755128718705,1.8900817873974816,2.168069238346259,11.75854206085205,1.0,75
Oracle TMLE,1.931027814568033,1.7916324499278948,2.0704231792081713,0.008143186569213867,1.0,75
Naive difference in means,3.158328746321384,2.8460204319728954,3.470637060669872,0.0,1.0,76
One-step (AIPW),1.882623114816229,1.670844401486384,2.094401828146074,20.699370861053467,1.0,76
TMLE (unweighted),1.8716603470758029,1.673907158236136,2.0694135359154697,3.297053813934326,1.0,76
TMLE (weighted),1.8825285251365798,1.6722950798435536,2.092761970429606,0.02987504005432129,1.0,76
C-TMLE (greedy),1.878748357787657,1.7353185118886776,2.0221782036866363,269.7456500530243,1.0,76
C-TMLE (adaptive correlation),1.9166834191092992,1.780919821544303,2.052447016674295,23.440371990203857,1.0,76
Oracle TMLE,1.9340010541054224,1.8007890606031736,2.0672130476076713,0.003937959671020508,1.0,76
Naive difference in means,3.1114740672661614,2.788656323836829,3.434291810695494,0.0,1.0,77
One-step (AIPW),1.819077008628519,1.6158539118987738,2.0223001053582643,0.002788066864013672,1.0,77
TMLE (unweighted),1.7878619368607143,1.5916103087611184,1.98411356496031,0.004082202911376953,1.0,77
TMLE (weighted),1.8179489880556734,1.6163096793613108,2.019588296750036,0.003983974456787109,1.0,77
C-TMLE (greedy),1.9206827485744804,1.7767629773876745,2.0646025197612863,146.95325112342834,1.0,77
C-TMLE (adaptive correlation),1.888529129948232,1.7433801083688345,2.0336781515276297,22.89980697631836,1.0,77
Oracle TMLE,1.940279415814154,1.8015497755516765,2.0790090560766314,0.004312992095947266,1.0,77
Naive difference in means,2.924452629237556,2.59966039431131,3.249244864163802,0.0,1.0,78
One-step (AIPW),2.0474729382005803,1.8761014473972855,2.2188444290038754,0.0032911300659179688,1.0,78
TMLE (unweighted),2.0402522905962144,1.8685132594537035,2.2119913217387253,0.0047321319580078125,1.0,78
TMLE (weighted),2.047080595012166,1.8756683875741387,2.2184928024501933,0.004652976989746094,1.0,78
C-TMLE (greedy),2.079888744822389,1.930484927619082,2.2292925620256963,96.432785987854,1.0,78
C-TMLE (adaptive correlation),2.0480374602812352,1.9100407503957655,2.186034170166705,17.523149013519287,1.0,78
Oracle TMLE,2.0291396934249444,1.8934798980824463,2.1647994887674424,0.004142045974731445,1.0,78
Naive difference in means,2.8438465739693646,2.5176102545701458,3.1700828933685834,0.0,1.0,79
One-step (AIPW),2.041136005613528,1.8462856456336123,2.235986365593444,0.0029931068420410156,1.0,79
TMLE (unweighted),2.049247599603077,1.8614555859291766,2.237039613276977,0.004480123519897461,1.0,79
TMLE (weighted),2.041122305678186,1.8472937109332683,2.2349509004231036,0.0043790340423583984,1.0,79
C-TMLE (greedy),1.9925378318742923,1.8666816501362427,2.118394013612342,52.06093502044678,1.0,79
C-TMLE (adaptive correlation),1.9894250236362492,1.8674874896803393,2.1113625575921593,9.192816972732544,1.0,79
Oracle TMLE,1.9705671997886312,1.8417781637581858,2.0993562358190765,0.05490684509277344,1.0,79
Naive difference in means,3.214136311848926,2.898286380463545,3.5299862432343074,0.0,1.0,80
One-step (AIPW),2.033328892845641,1.8484329208110895,2.2182248648801925,20.699254035949707,1.0,80
TMLE (unweighted),2.0328599396733376,1.853962053683913,2.211757825662762,3.2970759868621826,1.0,80
TMLE (weighted),2.033496815710999,1.8491334394906622,2.217860191931336,0.02981114387512207,1.0,80
C-TMLE (greedy),2.056571142722412,1.9328311446082924,2.1803111408365314,132.19786715507507,1.0,80
C-TMLE (adaptive correlation),2.0537927135888996,1.9366076853132308,2.1709777418645686,20.36160707473755,1.0,80
Oracle TMLE,2.053851622263552,1.9304577086065784,2.177245535920526,5.569926023483276,1.0,80
Naive difference in means,3.416577698471691,3.0840863526376916,3.74906904430569,0.0,1.0,81
One-step (AIPW),2.145888215101546,1.9976283390361147,2.294148091166978,0.030169010162353516,1.0,81
TMLE (unweighted),2.1441762291091457,1.9958298959812695,2.292522562237022,0.0045468807220458984,1.0,81
TMLE (weighted),2.1458225056768243,1.9975487793834836,2.294096231970165,0.0041048526763916016,1.0,81
C-TMLE (greedy),2.1447755679960974,2.0166953920365276,2.272855743955667,143.3169960975647,1.0,81
C-TMLE (adaptive correlation),2.1561887624581906,2.0241184018666885,2.2882591230496927,25.883015871047974,1.0,81
Oracle TMLE,2.155357876966969,2.0189990845369135,2.291716669397024,0.0039479732513427734,1.0,81
Naive difference in means,3.0296833307384015,2.694287626944165,3.365079034532638,0.0,1.0,82
One-step (AIPW),1.8991951157608815,1.7219530024006717,2.0764372291210913,0.002927064895629883,1.0,82
TMLE (unweighted),1.8999673914709745,1.7247991054632075,2.0751356774787415,0.004300117492675781,1.0,82
TMLE (weighted),1.8997471149092067,1.7228257473378024,2.076668482480611,0.004269123077392578,1.0,82
C-TMLE (greedy),1.9377884318234837,1.8078053080460217,2.0677715556009457,84.04446387290955,1.0,82
C-TMLE (adaptive correlation),1.9321017361739532,1.7990757273013638,2.0651277450465426,30.34055805206299,1.0,82
Oracle TMLE,1.925461579969741,1.7936855104333616,2.0572376495061206,0.004606008529663086,1.0,82
Naive difference in means,2.7356086550018976,2.4168123508986668,3.0544049591051285,0.0,1.0,83
One-step (AIPW),1.9086846217145368,1.747465382468083,2.0699038609609905,18.525959014892578,1.0,83
TMLE (unweighted),1.9029077333572697,1.7426115576059225,2.063203909108617,3.297128915786743,1.0,83
TMLE (weighted),1.9090744140437501,1.748035090732578,2.070113737354922,0.0298309326171875,1.0,83
C-TMLE (greedy),1.9406520186907132,1.8199005448653636,2.061403492516063,387.0847611427307,1.0,83
C-TMLE (adaptive correlation),1.9530150532764101,1.7987071409127573,2.107322965640063,61.239408016204834,1.0,83
Oracle TMLE,1.9858109977026206,1.8547119264189975,2.1169100689862437,0.0045549869537353516,1.0,83
Naive difference in means,2.749985101791806,2.426520733880351,3.0734494697032613,0.0,1.0,84
One-step (AIPW),2.049723742698656,1.901843619469723,2.197603865927589,0.0034208297729492188,1.0,84
TMLE (unweighted),2.054845016008469,1.9071000639959175,2.2025899680210204,0.0052378177642822266,1.0,84
TMLE (weighted),2.0499581658392554,1.9021099659139447,2.197806365764566,0.0051860809326171875,1.0,84
C-TMLE (greedy),2.0202983360961544,1.8570969953761707,2.183499676816138,156.9421489238739,1.0,84
C-TMLE (adaptive correlation),2.027631129942918,1.8923305127115846,2.1629317471742517,12.423877954483032,1.0,84
Oracle TMLE,1.9474279134902868,1.8249461392746902,2.0699096877058833,0.004410982131958008,1.0,84
Naive difference in means,3.168232361932612,2.851278966632084,3.48518575723314,0.0,1.0,85
One-step (AIPW),2.0628623509681825,1.921428438274922,2.2042962636614427,0.0029680728912353516,1.0,85
TMLE (unweighted),2.0605435319408207,1.919097082168431,2.2019899817132105,0.004374980926513672,1.0,85
TMLE (weighted),2.0627616819909274,1.921328484718496,2.2041948792633588,0.004436969757080078,1.0,85
C-TMLE (greedy),2.095594994109065,1.952800712851257,2.238389275366873,28.783756971359253,1.0,85
C-TMLE (adaptive correlation),2.0660138612095422,1.9439985805036444,2.18802914191544,5.782835960388184,1.0,85
Oracle TMLE,2.051425130975105,1.922408734130578,2.180441527819632,0.004246950149536133,1.0,85
Naive difference in means,2.8070256169848564,2.486730618053721,3.1273206159159916,0.0,1.0,86
One-step (AIPW),2.022051320640096,1.8497982621187112,2.194304379161481,20.699330806732178,1.0,86
TMLE (unweighted),2.0248131018617297,1.8559518732872664,2.1936743304361928,3.297060966491699,1.0,86
TMLE (weighted),2.02230242193405,1.8503020321694599,2.1943028116986407,0.02982306480407715,1.0,86
C-TMLE (greedy),2.0262819388529065,1.8978102550643445,2.1547536226414685,132.94056010246277,1.0,86
C-TMLE (adaptive correlation),2.0262819388529065,1.8978102550643445,2.1547536226414685,17.063950777053833,1.0,86
Oracle TMLE,2.01834614597562,1.8926385981735951,2.1440536937776447,8.094925165176392,1.0,86
Naive difference in means,3.1037854353183345,2.7727128189908257,3.4348580516458433,0.0,1.0,87
One-step (AIPW),2.0976389407161222,1.9366993328786917,2.258578548553553,0.030167818069458008,1.0,87
TMLE (unweighted),2.1024147237459196,1.948299455636944,2.2565299918548956,0.0045468807220458984,1.0,87
TMLE (weighted),2.098103483860099,1.9378015022998303,2.2584054654203682,0.004076957702636719,1.0,87
C-TMLE (greedy),2.022962076257996,1.8897130010524053,2.156211151463587,169.191241979599,1.0,87
C-TMLE (adaptive correlation),2.0710788227535972,1.9458776372864186,2.196280008220776,24.289886951446533,1.0,87
Oracle TMLE,2.01560604459643,1.8934055573778523,2.137806531815008,0.00480198860168457,1.0,87
Naive difference in means,3.0137150377026067,2.699482279133394,3.3279477962718196,0.0,1.0,88
One-step (AIPW),2.003592896945905,1.7936262873951483,2.2135595064966616,0.0035581588745117188,1.0,88
TMLE (unweighted),2.0035556970103783,1.8181928770467086,2.1889185169740477,0.005198955535888672,1.0,88
TMLE (weighted),2.006568374713584,1.80361136193324,2.209525387493928,0.005013942718505859,1.0,88
C-TMLE (greedy),2.124515361510105,1.993271401692875,2.2557593213273353,124.2286319732666,1.0,88
C-TMLE (adaptive correlation),2.1547144707042833,2.026239656092119,2.2831892853164475,26.70673894882202,1.0,88
Oracle TMLE,2.1159123636321056,1.9897328214141106,2.2420919058501005,0.004695892333984375,1.0,88
Naive difference in means,3.255725026302832,2.9486201921949813,3.5628298604106825,0.0,1.0,89
One-step (AIPW),2.0617113199732384,1.8844091435765098,2.2390134963699673,18.52605414390564,1.0,89
TMLE (unweighted),2.0580529483318326,1.885696855941247,2.230409040722418,3.297076940536499,1.0,89
TMLE (weighted),2.0619802852361944,1.8853038145289045,2.2386567559434845,0.02986001968383789,1.0,89
C-TMLE (greedy),2.077664557877486,1.9477603064429672,2.2075688093120047,278.1062479019165,1.0,89
C-TMLE (adaptive correlation),2.098291400796347,1.9632892552150532,2.2332935463776407,36.13604497909546,1.0,89
Oracle TMLE,2.0899668505400784,1.9616637679471016,2.218269933133055,0.0049588680267333984,1.0,89
Naive difference in means,2.9771085809597526,2.655728558280741,3.298488603638764,0.0,1.0,90
One-step (AIPW),1.9565828821681601,1.8043781480508063,2.1087876162855137,0.003779172897338867,1.0,90
TMLE (unweighted),1.9479940409809666,1.7965730487504654,2.099415033211468,0.005688190460205078,1.0,90
TMLE (weighted),1.956410324282308,1.8043055889267943,2.108515059637822,0.005668163299560547,1.0,90
C-TMLE (greedy),2.0013696032423884,1.8598914820388814,2.1428477244458954,165.46510219573975,1.0,90
C-TMLE (adaptive correlation),1.9751021574715901,1.8574979323321759,2.0927063826110044,14.887334108352661,1.0,90
Oracle TMLE,1.962647658284849,1.8381163445141822,2.087178972055516,0.0042438507080078125,1.0,90
Naive difference in means,3.0477968616214595,2.7327967526260406,3.3627969706168783,0.0,1.0,91
One-step (AIPW),1.9262111841530216,1.7666616758655407,2.0857606924405023,0.0028760433197021484,1.0,91
TMLE (unweighted),1.903491516223763,1.7511717680453516,2.055811264402174,0.00434112548828125,1.0,91
TMLE (weighted),1.9236140195244007,1.7661854613836852,2.0810425776651162,0.0044019222259521484,1.0,91
C-TMLE (greedy),1.8405360976171197,1.7154535741701389,1.9656186210641005,63.7282190322876,1.0,91
C-TMLE (adaptive correlation),1.845953553877932,1.7220970400558233,1.9698100677000405,10.289561986923218,1.0,91
Oracle TMLE,1.9148815978880342,1.7853831211933842,2.0443800745826843,0.00424504280090332,1.0,91
Naive difference in means,3.372315771259189,3.06021675667104,3.6844147858473377,0.0,1.0,92
One-step (AIPW),2.1098331237035985,1.9367354258206684,2.282930821586529,20.699177980422974,1.0,92
TMLE (unweighted),2.114279828513691,1.940356709197554,2.2882029478298276,3.2970571517944336,1.0,92
TMLE (weighted),2.109540812333967,1.9365002267903333,2.282581397877601,0.029957056045532227,1.0,92
C-TMLE (greedy),2.0726365235336903,1.9512635813148842,2.1940094657524964,243.74999618530273,1.0,92
C-TMLE (adaptive correlation),2.1112758283998274,1.9702003546177964,2.2523513021818586,48.87904620170593,1.0,92
Oracle TMLE,2.090925564955476,1.9641164229663006,2.217734706944652,0.004723072052001953,1.0,92
Naive difference in means,2.900228579883508,2.5830392525052637,3.2174179072617526,0.0,1.0,93
One-step (AIPW),1.900366755546788,1.7495304699340495,2.0512030411595266,0.0035169124603271484,1.0,93
TMLE (unweighted),1.8853921202738269,1.7353476561451338,2.03543658440252,0.005262851715087891,1.0,93
TMLE (weighted),1.8999649930910285,1.749317021513137,2.05061296466892,0.0052280426025390625,1.0,93
C-TMLE (greedy),1.8517188162969511,1.6802801178536635,2.0231575147402387,173.27694010734558,1.0,93
C-TMLE (adaptive correlation),1.9242751343869258,1.7962539616534903,2.0522963071203613,14.267742156982422,1.0,93
Oracle TMLE,1.9746282365776322,1.8346923703281863,2.114564102827078,0.004239797592163086,1.0,93
Naive difference in means,2.8892756469503365,2.561329305571337,3.217221988329336,0.0,1.0,94
One-step (AIPW),1.9260278937077298,1.7608147193021153,2.0912410681133444,0.003506898880004883,1.0,94
TMLE (unweighted),1.9202096209000767,1.7553399600844162,2.0850792817157373,0.005049943923950195,1.0,94
TMLE (weighted),1.9257235411897382,1.7605438724145286,2.090903209964948,0.0048809051513671875,1.0,94
C-TMLE (greedy),1.9439097623086576,1.8183573598416503,2.069462164775665,101.43455004692078,1.0,94
C-TMLE (adaptive correlation),1.9414294955889573,1.817201217003852,2.0656577741740625,5.322616100311279,1.0,94
Oracle TMLE,1.9765796563471345,1.8492551479101136,2.1039041647841557,0.0048139095306396484,1.0,94
Naive difference in means,2.984542404683001,2.6639122602324177,3.3051725491335846,0.0,1.0,95
One-step (AIPW),2.0323516778201602,1.8721398057483989,2.1925635498919216,18.526145935058594,1.0,95
TMLE (unweighted),2.032321548420202,1.8720176194303368,2.1926254774100675,3.297125816345215,1.0,95
TMLE (weighted),2.032387462603697,1.872166188830462,2.192608736376932,0.029816865921020508,1.0,95
C-TMLE (greedy),1.9937149829206096,1.8558048194547005,2.1316251463865186,224.66446185112,1.0,95
C-TMLE (adaptive correlation),2.0134299689833233,1.889286021508948,2.1375739164576983,34.77535390853882,1.0,95
Oracle TMLE,2.044900232141585,1.9242233262611046,2.1655771380220648,0.004794120788574219,1.0,95
Naive difference in means,3.252124021408608,2.9283338291368777,3.5759142136803383,0.0,1.0,96
One-step (AIPW),2.1163111115708433,1.9599564763661952,2.272665746775491,0.00412297248840332,1.0,96
TMLE (unweighted),2.1240925316265167,1.9674318315306263,2.2807532317224073,0.005688190460205078,1.0,96
TMLE (weighted),2.116781926104774,1.9604309292076396,2.273132923001908,0.005630016326904297,1.0,96
C-TMLE (greedy),2.1376019641642423,1.9894865304119096,2.285717397916575,141.87700295448303,1.0,96
C-TMLE (adaptive correlation),2.11255384226591,1.9699468314663282,2.255160853065492,34.5978569984436,1.0,96
Oracle TMLE,2.091873847147467,1.9635552299963748,2.220192464298559,0.004665851593017578,1.0,96
Naive difference in means,3.183218538853459,2.8703491696976937,3.496087908009224,0.0,1.0,97
One-step (AIPW),2.0306350439708836,1.8549169413145339,2.206353146627233,0.0032958984375,1.0,97
TMLE (unweighted),2.024373981589135,1.8587661598659224,2.1899818033123477,0.00474095344543457,1.0,97
TMLE (weighted),2.030240119931705,1.8555922121560464,2.2048880277073635,0.00449681282043457,1.0,97
C-TMLE (greedy),2.068222010420384,1.943221284087158,2.19322273675361,123.08089995384216,1.0,97
C-TMLE (adaptive correlation),2.0639561645549094,1.9378222419483238,2.190090087161495,12.159008979797363,1.0,97
Oracle TMLE,2.076689010324022,1.9478390457245989,2.2055389749234453,0.004804849624633789,1.0,97
Naive difference in means,3.236761195177378,2.916303055731313,3.5572193346234426,0.0,1.0,98
One-step (AIPW),2.005731692795795,1.8012183471107646,2.210245038480825,18.52841591835022,1.0,98
TMLE (unweighted),1.9810767676677647,1.7897859450417342,2.1723675902937956,3.29708194732666,1.0,98
TMLE (weighted),2.005751692141081,1.8030109184280394,2.2084924658541225,0.030646085739135742,1.0,98
C-TMLE (greedy),2.092280558069401,1.9664394399254328,2.2181216762133693,174.5228431224823,1.0,98
C-TMLE (adaptive correlation),2.0743077381431125,1.9504693563952313,2.1981461198909935,18.56424617767334,1.0,98
Oracle TMLE,2.045629253065686,1.9197710417197864,2.171487464411586,0.006915092468261719,1.0,98
Naive difference in means,2.8831235084206606,2.560172542741598,3.206074474099723,0.0,1.0,99
One-step (AIPW),2.0355598838791833,1.84254047196916,2.2285792957892063,0.0036928653717041016,1.0,99
TMLE (unweighted),2.0096391216642293,1.8153817944641835,2.2038964488642754,0.0062220096588134766,1.0,99
TMLE (weighted),2.0348391145407025,1.8418379524728565,2.2278402766085486,0.005802154541015625,1.0,99
C-TMLE (greedy),2.0635870672088363,1.9306330418933306,2.196541092524342,171.61188507080078,1.0,99
C-TMLE (adaptive correlation),2.0713158724959673,1.9482202541860218,2.194411490805913,23.81347393989563,1.0,99
Oracle TMLE,2.077119491369978,1.9454571876927842,2.208781795047172,0.004072904586791992,1.0,99
Naive difference in means,3.3521140349019247,3.0173816720789097,3.6868463977249397,0.0,1.0,100
One-step (AIPW),2.0570934252532056,1.8926162537231395,2.221570596783272,0.0031168460845947266,1.0,100
TMLE (unweighted),2.0212265650813235,1.86128349514498,2.181169635017667,0.004293918609619141,1.0,100
TMLE (weighted),2.0555328005985416,1.8919671524263317,2.2190984487707515,0.00409388542175293,1.0,100
C-TMLE (greedy),2.090659081642667,1.9347086471923445,2.2466095160929895,161.42499113082886,1.0,100
C-TMLE (adaptive correlation),2.116015910294998,1.9840814490025116,2.2479503715874842,19.54168701171875,1.0,100
Oracle TMLE,2.133136756614667,1.991341034773878,2.2749324784554554,0.004311084747314453,1.0,100
Naive difference in means,2.6991112535861537,2.38425513361694,3.013967373555367,0.0,1.5,1
One-step (AIPW),1.808086821352442,1.637343537375692,1.978830105329192,17.36420202255249,1.5,1
TMLE (unweighted),1.6223470511603293,1.437341957087061,1.8073521452335977,3.106218099594116,1.5,1
TMLE (weighted),1.8044931133547444,1.6353037879326486,1.9736824387768401,0.028849124908447266,1.5,1
C-TMLE (greedy),1.9419408578444421,1.7974118953166178,2.0864698203722667,550.2282159328461,1.5,1
C-TMLE (adaptive correlation),1.8974529733795367,1.768742637243343,2.0261633095157303,6.582628965377808,1.5,1
Oracle TMLE,1.966458193737142,1.8436158259585278,2.0893005615157563,0.003958940505981445,1.5,1
Naive difference in means,3.1075575226896124,2.7886105741918934,3.4265044711873314,0.0,1.5,2
One-step (AIPW),2.3831081274127817,1.8882618352177774,2.877954419607786,0.002871990203857422,1.5,2
TMLE (unweighted),2.3524138219566066,2.0759962517730033,2.62883139214021,0.004258155822753906,1.5,2
TMLE (weighted),2.3675454740669766,1.9210569797614327,2.81403396837252,0.004271984100341797,1.5,2
C-TMLE (greedy),2.042891583065817,1.9038281379453181,2.181955028186316,38.81673717498779,1.5,2
C-TMLE (adaptive correlation),2.0473103042713614,1.9035036915657177,2.191116916977005,9.41549015045166,1.5,2
Oracle TMLE,2.0439693850800476,1.913009100760764,2.174929669399331,0.004870176315307617,1.5,2
Naive difference in means,2.9506014906966143,2.6217824868999133,3.279420494493315,0.0,1.5,3
One-step (AIPW),2.045058605153802,1.8624058522916696,2.227711358015934,0.0035390853881835938,1.5,3
TMLE (unweighted),2.2530287659277093,2.0474910712202172,2.4585664606352013,0.0051500797271728516,1.5,3
TMLE (weighted),2.048443540058996,1.8685285508846856,2.228358529233306,0.0823678970336914,1.5,3
C-TMLE (greedy),1.982277881694221,1.83868386868075,2.125871894707692,26.652945041656494,1.5,3
C-TMLE (adaptive correlation),1.964078761422762,1.8310625765922661,2.0970949462532578,1.6369409561157227,1.5,3
Oracle TMLE,2.0231514838877933,1.8849130084244674,2.161389959351119,0.003937959671020508,1.5,3
Naive difference in means,2.7582529381287877,2.434090206879817,3.0824156693777582,0.0,1.5,4
One-step (AIPW),2.006990917542231,1.8227595113775785,2.1912223237068837,0.0029039382934570312,1.5,4
TMLE (unweighted),1.9211966367177682,1.7360064407676314,2.106386832667905,0.00414586067199707,1.5,4
TMLE (weighted),2.0060186016623556,1.8228834272510053,2.189153776073706,0.0042858123779296875,1.5,4
C-TMLE (greedy),2.0331581005537576,1.909386470573314,2.1569297305342015,12.555769920349121,1.5,4
C-TMLE (adaptive correlation),2.0350958361181037,1.9116728174145539,2.158518854821654,4.672140836715698,1.5,4
Oracle TMLE,2.0322131954797213,1.9068194144822859,2.157606976477157,0.0042269229888916016,1.5,4
Naive difference in means,2.874399748657451,2.545215857506189,3.203583639808713,0.0,1.5,5
One-step (AIPW),1.946183647196574,1.6759433302651248,2.2164239641280234,17.574501037597656,1.5,5
TMLE (unweighted),1.9567066409519671,1.7833275471303833,2.1300857347735507,2.8790769577026367,1.5,5
TMLE (weighted),1.9521515011072577,1.6996580879132963,2.204644914301219,0.028015851974487305,1.5,5
C-TMLE (greedy),2.094448807816513,1.9619951389160695,2.2269024767169565,161.7809660434723,1.5,5
C-TMLE (adaptive correlation),2.0791966967146496,1.953307175477569,2.20508621795173,45.799028158187866,1.5,5
Oracle TMLE,2.02383450520688,1.898308087671433,2.1493609227423267,0.005014896392822266,1.5,5
Naive difference in means,2.976932929691104,2.6450476411097776,3.30881821827243,0.0,1.5,6
One-step (AIPW),2.081723029137788,1.9183324524714203,2.2451136058041556,0.0038471221923828125,1.5,6
TMLE (unweighted),2.0347547248802975,1.8544392924669002,2.215070157293695,0.005470991134643555,1.5,6
TMLE (weighted),2.0815753819587455,1.9185516883741869,2.244599075543304,0.005487918853759766,1.5,6
C-TMLE (greedy),2.088753450463431,1.9669413630734653,2.210565537853397,115.96384906768799,1.5,6
C-TMLE (adaptive correlation),2.089637792212479,1.9661716152256983,2.2131039691992593,28.6177179813385,1.5,6
Oracle TMLE,2.0836957804202694,1.9597204031416569,2.207671157698882,0.0067899227142333984,1.5,6
Naive difference in means,2.9007858743374997,2.5775652384169567,3.2240065102580426,0.0,1.5,7
One-step (AIPW),2.289050480803137,1.9906607215837033,2.5874402400225707,0.003596067428588867,1.5,7
TMLE (unweighted),2.398215932409395,2.1250244736739106,2.6714073911448795,0.006536960601806641,1.5,7
TMLE (weighted),2.2863683490571907,2.000942396938153,2.5717943011762285,0.006487846374511719,1.5,7
C-TMLE (greedy),2.093984776279867,1.9086932391919555,2.2792763133677783,127.07061505317688,1.5,7
C-TMLE (adaptive correlation),2.0841343685673,1.9417410370900723,2.2265277000445276,2.907435178756714,1.5,7
Oracle TMLE,2.1178312593315805,1.9833506556286722,2.252311863034489,0.004250049591064453,1.5,7
Naive difference in means,2.869895127363515,2.5360280184072135,3.2037622363198164,0.0,1.5,8
One-step (AIPW),1.7903316951187764,1.5771960527469395,2.0034673374906133,19.459192991256714,1.5,8
TMLE (unweighted),1.5769509425694836,1.3712998743850149,1.7826020107539524,3.1061758995056152,1.5,8
TMLE (weighted),1.785169923172607,1.5749864096097808,1.9953534367354333,0.027994871139526367,1.5,8
C-TMLE (greedy),1.882808391129471,1.7506133661406271,2.015003416118315,153.13149285316467,1.5,8
C-TMLE (adaptive correlation),1.879264270535254,1.7558757425602836,2.0026527985102245,17.349272966384888,1.5,8
Oracle TMLE,1.96447437239408,1.8403973613361873,2.088551383451973,0.5885729789733887,1.5,8
Naive difference in means,2.6913686766318152,2.356293351203915,3.0264440020597156,0.0,1.5,9
One-step (AIPW),2.0052852480249745,1.7667864019203483,2.243784094129601,0.004603147506713867,1.5,9
TMLE (unweighted),2.134273542075031,1.8882501953624113,2.3802968887876506,0.005706071853637695,1.5,9
TMLE (weighted),2.0078295578175305,1.7693051619488034,2.2463539536862576,0.005379915237426758,1.5,9
C-TMLE (greedy),2.001558979163861,1.8488948450577976,2.154223113269924,175.51786398887634,1.5,9
C-TMLE (adaptive correlation),2.0078295578175305,1.7693051619488034,2.2463539536862576,28.60844922065735,1.5,9
Oracle TMLE,1.9163594159377602,1.7892022129710452,2.043516618904475,0.004395008087158203,1.5,9
Naive difference in means,2.8907024484874584,2.574662138438209,3.206742758536708,0.0,1.5,10
One-step (AIPW),1.982736539522515,1.7219773827685483,2.2434956962764816,0.0031290054321289062,1.5,10
TMLE (unweighted),2.3427886934046707,2.0205514115435417,2.6650259752657997,0.004765033721923828,1.5,10
TMLE (weighted),1.9877957507799755,1.7308052526926607,2.2447862488672903,0.0046939849853515625,1.5,10
C-TMLE (greedy),1.8775031621790108,1.745593519893243,2.0094128044647785,158.3482608795166,1.5,10
C-TMLE (adaptive correlation),1.8953534842092463,1.7517384384851804,2.0389685299333125,5.249006986618042,1.5,10
Oracle TMLE,1.9151204805459954,1.779791796831723,2.0504491642602676,0.004178047180175781,1.5,10
Naive difference in means,2.766523563152978,2.4451508557352004,3.0878962705707553,0.0,1.5,11
One-step (AIPW),1.980343156025813,1.7232348598711227,2.237451452180503,17.361874103546143,1.5,11
TMLE (unweighted),1.9828371003014549,1.7289357142563797,2.23673848634653,3.106152057647705,1.5,11
TMLE (weighted),1.9799380690941542,1.723107856325181,2.2367682818631276,0.027994155883789062,1.5,11
C-TMLE (greedy),1.9697767552578564,1.8161112239293287,2.1234422865863842,345.9319190979004,1.5,11
C-TMLE (adaptive correlation),1.9630159392655109,1.8356507922631848,2.0903810862678367,15.487401008605957,1.5,11
Oracle TMLE,1.9762485625032868,1.8471645157090621,2.1053326092975118,0.003942966461181641,1.5,11
Naive difference in means,2.9070148035459593,2.589870437825399,3.2241591692665197,0.0,1.5,12
One-step (AIPW),2.0430486538511623,1.8296649943582595,2.256432313344065,0.002863168716430664,1.5,12
TMLE (unweighted),2.0271778530833626,1.7962264338724045,2.2581292722943207,0.004163980484008789,1.5,12
TMLE (weighted),2.0367657424151857,1.8261735706523194,2.247357914178052,0.00419306755065918,1.5,12
C-TMLE (greedy),1.930346890571244,1.8002637083170692,2.060430072825419,78.46583390235901,1.5,12
C-TMLE (adaptive correlation),1.9428176254163516,1.812666944684054,2.0729683061486495,8.457897901535034,1.5,12
Oracle TMLE,1.9894390699436129,1.8556592047574187,2.123218935129807,0.00493311882019043,1.5,12
Naive difference in means,2.2719383329190332,1.9458373547998362,2.5980393110382303,0.0,1.5,13
One-step (AIPW),1.7875832546921073,1.4015789355261907,2.173587573858024,0.003117799758911133,1.5,13
TMLE (unweighted),1.7937464929700768,1.590105082621112,1.9973879033190416,0.004538059234619141,1.5,13
TMLE (weighted),1.7893323939916703,1.4214765262675444,2.1571882617157963,0.004247903823852539,1.5,13
C-TMLE (greedy),1.9634736002877764,1.830740358787158,2.096206841788395,35.9682559967041,1.5,13
C-TMLE (adaptive correlation),1.9588580655943224,1.8186792463080865,2.099036884880558,21.240414142608643,1.5,13
Oracle TMLE,1.890508927383296,1.7671532990151606,2.0138645557514314,0.0048160552978515625,1.5,13
Naive difference in means,2.7543652877596676,2.4326036071982173,3.076126968321118,0.0,1.5,14
One-step (AIPW),1.965537212614293,1.8187190607165589,2.1123553645120268,19.459139108657837,1.5,14
TMLE (unweighted),2.026106470534608,1.8763824053845917,2.1758305356846246,3.1061909198760986,1.5,14
TMLE (weighted),1.9665519574413683,1.8198377978648066,2.11326611701793,0.02797698974609375,1.5,14
C-TMLE (greedy),1.9189254128162854,1.788267461530572,2.049583364101999,136.19212102890015,1.5,14
C-TMLE (adaptive correlation),1.9335166242423132,1.7698100759532531,2.0972231725313732,32.90539479255676,1.5,14
Oracle TMLE,1.923434228077402,1.793290975520474,2.05357748063433,2.1752939224243164,1.5,14
Naive difference in means,2.772063066280591,2.4596978593263854,3.0844282732347965,0.0,1.5,15
One-step (AIPW),2.0291310316600057,1.8338966216914931,2.2243654416285183,0.0038251876831054688,1.5,15
TMLE (unweighted),2.1272290391770157,1.9392677778557805,2.3151903004982506,0.00436091423034668,1.5,15
TMLE (weighted),2.0301913576385067,1.836526102175374,2.2238566131016393,0.004202127456665039,1.5,15
C-TMLE (greedy),1.9511389754194548,1.8174125331436453,2.0848654176952643,62.36494994163513,1.5,15
C-TMLE (adaptive correlation),1.9614776120386719,1.8277581947065187,2.095197029370825,18.341418027877808,1.5,15
Oracle TMLE,2.004232078539239,1.884782842435005,2.1236813146434734,0.0046498775482177734,1.5,15
Naive difference in means,2.8625399552295883,2.5448433608509156,3.180236549608261,0.0,1.5,16
One-step (AIPW),1.840040699148332,1.5697212560078,2.1103601422888643,0.0035021305084228516,1.5,16
TMLE (unweighted),1.787054455796622,1.519174569070988,2.054934342522256,0.005265951156616211,1.5,16
TMLE (weighted),1.8394151621137258,1.5693752635183131,2.1094550607091387,0.005151033401489258,1.5,16
C-TMLE (greedy),1.8785236415119593,1.7575371323693754,1.9995101506545432,38.258076906204224,1.5,16
C-TMLE (adaptive correlation),1.8792600816238179,1.7481706896540958,2.01034947359354,9.233504056930542,1.5,16
Oracle TMLE,1.8998456490842681,1.7734633759543086,2.0262279222142277,0.004110097885131836,1.5,16
Naive difference in means,2.9719344966130197,2.652051917697099,3.2918170755289404,0.0,1.5,17
One-step (AIPW),2.056100462730696,1.880292915334417,2.2319080101269746,17.34946298599243,1.5,17
TMLE (unweighted),2.0779044584662776,1.9011167196541687,2.2546921972783864,3.106177806854248,1.5,17
TMLE (weighted),2.056417174143452,1.8805559639497773,2.2322783843371266,0.02799391746520996,1.5,17
C-TMLE (greedy),2.016720349165495,1.8561416270714444,2.1772990712595455,300.9617688655853,1.5,17
C-TMLE (adaptive correlation),2.027531180054445,1.8417356139090368,2.213326746199853,18.23891806602478,1.5,17
Oracle TMLE,2.0556919618842144,1.9279755653546478,2.1834083584137813,0.004892110824584961,1.5,17
Naive difference in means,2.8520470881231836,2.5303749629398853,3.173719213306482,0.0,1.5,18
One-step (AIPW),2.107552600076886,1.9347384452397682,2.2803667549140036,0.003662109375,1.5,18
TMLE (unweighted),2.1008585182937005,1.9248155142846795,2.2769015223027216,0.005547046661376953,1.5,18
TMLE (weighted),2.107207015211066,1.9342200781448677,2.2801939522772643,0.05731201171875,1.5,18
C-TMLE (greedy),2.086937925384233,1.9427014146532913,2.231174436115175,79.57606506347656,1.5,18
C-TMLE (adaptive correlation),2.099788247959273,1.9032457708230481,2.2963307250954976,17.640563011169434,1.5,18
Oracle TMLE,2.0357148836069405,1.9017089116556065,2.1697208555582743,0.004670143127441406,1.5,18
Naive difference in means,3.008460220413873,2.686759038271268,3.330161402556478,0.0,1.5,19
One-step (AIPW),1.91947045104994,1.6031822157888853,2.235758686310995,0.0034918785095214844,1.5,19
TMLE (unweighted),1.961652499850171,1.615254379796328,2.308050619904014,0.005209922790527344,1.5,19
TMLE (weighted),1.9159689277436034,1.5981908855894664,2.2337469698977404,0.005124092102050781,1.5,19
C-TMLE (greedy),1.8000622757012443,1.6243780423204108,1.9757465090820778,81.9485330581665,1.5,19
C-TMLE (adaptive correlation),1.8037533353005164,1.6310251761780215,1.9764814944230114,22.119215965270996,1.5,19
Oracle TMLE,1.9277624709616474,1.7945055814944493,2.061019360428846,0.00475001335144043,1.5,19
Naive difference in means,2.9287814954131024,2.6179365327439155,3.2396264580822893,0.0,1.5,20
One-step (AIPW),2.1070563783292906,1.9029294438923297,2.3111833127662518,19.459311962127686,1.5,20
TMLE (unweighted),2.1464434525406366,1.9420573138498127,2.3508295912314603,3.1061651706695557,1.5,20
TMLE (weighted),2.108266960103471,1.9042911694824585,2.3122427507244834,0.02799701690673828,1.5,20
C-TMLE (greedy),2.1207570467671504,1.9165918484245525,2.324922245109748,328.17516803741455,1.5,20
C-TMLE (adaptive correlation),2.076832055252822,1.9506716580120311,2.202992452493613,38.56460499763489,1.5,20
Oracle TMLE,2.053701148312036,1.9245605912876642,2.182841705336408,0.004332065582275391,1.5,20
Naive difference in means,2.674924587196953,2.340095342854969,3.009753831538937,0.0,1.5,21
One-step (AIPW),2.0443536833958253,1.8386750790601094,2.2500322877315413,0.00344085693359375,1.5,21
TMLE (unweighted),2.055007953331597,1.849495935139913,2.2605199715232813,0.005059003829956055,1.5,21
TMLE (weighted),2.044308621730415,1.8387422465548515,2.249874996905979,0.0050029754638671875,1.5,21
C-TMLE (greedy),2.0634820606495157,1.9228126648943498,2.2041514564046816,181.04079604148865,1.5,21
C-TMLE (adaptive correlation),2.0561635902315776,1.915045528180913,2.1972816522822423,12.510953903198242,1.5,21
Oracle TMLE,2.0011572837714606,1.8698414777132006,2.1324730898297206,0.004757881164550781,1.5,21
Naive difference in means,2.5528681753441895,2.2369918683361205,2.8687444823522585,0.0,1.5,22
One-step (AIPW),1.8196376554917373,1.5587306850318052,2.0805446259516693,0.0034780502319335938,1.5,22
TMLE (unweighted),1.8518952541197342,1.655274683830768,2.0485158244087005,0.005181074142456055,1.5,22
TMLE (weighted),1.8218941641891728,1.573179298768151,2.0706090296101944,0.005118131637573242,1.5,22
C-TMLE (greedy),1.9806373148397116,1.8279551322181158,2.1333194974613074,47.75859212875366,1.5,22
C-TMLE (adaptive correlation),1.973219203193932,1.8376534770525208,2.108784929335343,9.526357173919678,1.5,22
Oracle TMLE,1.9447717199432473,1.8186025277257252,2.0709409121607694,0.00490880012512207,1.5,22
Naive difference in means,2.8637594104507613,2.5359510769796905,3.191567743921832,0.0,1.5,23
One-step (AIPW),1.9713425274931708,1.63551895175643,2.307166103229912,17.34947681427002,1.5,23
TMLE (unweighted),1.9698489627098383,1.6285527657061676,2.311145159713509,3.106218099594116,1.5,23
TMLE (weighted),1.9710640411497928,1.634879696142781,2.3072483861568047,0.028856992721557617,1.5,23
C-TMLE (greedy),1.9461340969963172,1.8124533090298582,2.0798148849627762,146.34320783615112,1.5,23
C-TMLE (adaptive correlation),1.929629332009356,1.7670388382281617,2.0922198257905507,18.740057945251465,1.5,23
Oracle TMLE,1.9862675938731034,1.8554226014102722,2.1171125863359346,6.188622951507568,1.5,23
Naive difference in means,2.899521340375104,2.577274605834205,3.221768074916003,0.0,1.5,24
One-step (AIPW),1.9945775391073286,1.8411990699070675,2.14795600830759,0.0038280487060546875,1.5,24
TMLE (unweighted),1.965320938140796,1.8115136042496092,2.1191282720319826,0.00436091423034668,1.5,24
TMLE (weighted),1.9941269885787258,1.8408030978764383,2.1474508792810134,0.004305839538574219,1.5,24
C-TMLE (greedy),1.9941269885787256,1.840803097876438,2.147450879281013,87.31698703765869,1.5,24
C-TMLE (adaptive correlation),1.9941269885787247,1.8408030978764371,2.147450879281012,20.849642038345337,1.5,24
Oracle TMLE,2.0456898727692527,1.9209964123883962,2.1703833331501095,0.00421905517578125,1.5,24
Naive difference in means,2.7312287888931057,2.40363800145257,3.0588195763336414,0.0,1.5,25
One-step (AIPW),1.968144044522429,1.7410757841443825,2.1952123049004757,0.0028650760650634766,1.5,25
TMLE (unweighted),2.023396978752624,1.7463421182537533,2.3004518392514943,0.004278898239135742,1.5,25
TMLE (weighted),1.9771051096039276,1.7501702876009841,2.204039931606871,0.004254817962646484,1.5,25
C-TMLE (greedy),2.1116101909124008,1.9775844907842979,2.2456358910405037,280.15458488464355,1.5,25
C-TMLE (adaptive correlation),2.064548340772279,1.9422024919872285,2.18689418955733,54.43764400482178,1.5,25
Oracle TMLE,1.9757859633926098,1.8527214346489944,2.098850492136225,0.004498004913330078,1.5,25
Naive difference in means,2.7085508022464344,2.3771727121732287,3.03992889231964,0.0,1.5,26
One-step (AIPW),1.990597060666661,1.783756857609415,2.197437263723907,20.715386152267456,1.5,26
TMLE (unweighted),1.9951963412922826,1.7871209047658456,2.2032717778187196,3.203083038330078,1.5,26
TMLE (weighted),1.9906990493893202,1.7837472050265402,2.1976508937521,0.029896974563598633,1.5,26
C-TMLE (greedy),1.9938207206961915,1.8679026663056264,2.1197387750867565,181.23840498924255,1.5,26
C-TMLE (adaptive correlation),1.9856758580896994,1.8635842624724963,2.1077674537069027,22.604592084884644,1.5,26
Oracle TMLE,1.9311410313799726,1.8079974368483798,2.0542846259115657,0.004240989685058594,1.5,26
Naive difference in means,3.023527884899778,2.691704838285536,3.3553509315140198,0.0,1.5,27
One-step (AIPW),2.0547627203570755,1.743712745240084,2.3658126954740673,0.0030689239501953125,1.5,27
TMLE (unweighted),2.0848707797285377,1.789399705401308,2.3803418540557675,0.004392147064208984,1.5,27
TMLE (weighted),2.053230839892992,1.7442931070430843,2.3621685727429003,0.004308938980102539,1.5,27
C-TMLE (greedy),2.0125229931069635,1.871602131392868,2.153443854821059,203.4864399433136,1.5,27
C-TMLE (adaptive correlation),1.989110583746919,1.8558006431322793,2.1224205243615586,21.415587902069092,1.5,27
Oracle TMLE,1.9966317860531406,1.8637213069866123,2.129542265119669,0.004246950149536133,1.5,27
Naive difference in means,3.0281224909116835,2.6976238503057344,3.3586211315176326,0.0,1.5,28
One-step (AIPW),2.0936551257062153,1.826106317088288,2.361203934324142,0.0030748844146728516,1.5,28
TMLE (unweighted),2.465727828809821,2.1927584163063996,2.7386972413132424,0.004484891891479492,1.5,28
TMLE (weighted),2.0994329839262127,1.8371820531812157,2.3616839146712096,0.00473785400390625,1.5,28
C-TMLE (greedy),1.926486173416164,1.8003871009862829,2.0525852458460454,82.93534588813782,1.5,28
C-TMLE (adaptive correlation),1.9387230818080643,1.8161118472688873,2.0613343163472413,8.657614946365356,1.5,28
Oracle TMLE,1.9497105751888077,1.8186324093492292,2.0807887410283863,0.004320859909057617,1.5,28
Naive difference in means,2.7723140114128824,2.437997547744036,3.1066304750817286,0.0,1.5,29
One-step (AIPW),1.9042412051007465,1.6814401992579358,2.127042210943557,0.003454923629760742,1.5,29
TMLE (unweighted),1.8429713915657644,1.6218364569352368,2.064106326196292,0.005029916763305664,1.5,29
TMLE (weighted),1.9051346230507487,1.683397048859116,2.126872197242381,0.004629850387573242,1.5,29
C-TMLE (greedy),1.9440903729994192,1.801268121550966,2.0869126244478724,77.96866202354431,1.5,29
C-TMLE (adaptive correlation),1.9611671410526414,1.826627828026769,2.0957064540785137,10.09634804725647,1.5,29
Oracle TMLE,1.9846453084125446,1.8538273330987283,2.1154632837263607,0.004297971725463867,1.5,29
Naive difference in means,2.4516313146458284,2.133724981886804,2.769537647404853,0.0,1.5,30
One-step (AIPW),1.9677209162453666,1.7979877475690509,2.1374540849216825,18.476226091384888,1.5,30
TMLE (unweighted),1.9378792972918968,1.7650822321761186,2.1106763624076748,3.417437791824341,1.5,30
TMLE (weighted),1.9676469728179213,1.7981913541260055,2.137102591509837,0.029892921447753906,1.5,30
C-TMLE (greedy),1.9676469728179213,1.7981913541260055,2.137102591509837,301.7270419597626,1.5,30
C-TMLE (adaptive correlation),1.958919143832618,1.7886605331686134,2.1291777544966224,66.92293095588684,1.5,30
Oracle TMLE,1.9841600905661987,1.8596728069006954,2.108647374231702,0.00459599494934082,1.5,30
Naive difference in means,2.8569497889161197,2.520698097903124,3.1932014799291153,0.0,1.5,31
One-step (AIPW),1.9525960773526587,1.793062211998649,2.112129942706668,0.003454923629760742,1.5,31
TMLE (unweighted),1.9059817221499389,1.7446636765789414,2.0672997677209364,0.005053997039794922,1.5,31
TMLE (weighted),1.9521156488451161,1.7928086245956736,2.111422673094559,0.00503087043762207,1.5,31
C-TMLE (greedy),1.9978818180639037,1.8630696544332714,2.132693981694536,88.74814414978027,1.5,31
C-TMLE (adaptive correlation),2.0198503342235723,1.8744645930806834,2.1652360753664612,28.003183126449585,1.5,31
Oracle TMLE,1.9049105915585758,1.7762833335621306,2.033537849555021,0.004492998123168945,1.5,31
Naive difference in means,2.894753367399601,2.5772675848943045,3.2122391499048977,0.0,1.5,32
One-step (AIPW),2.213700019713537,1.9923368553592686,2.435063184067805,0.0034050941467285156,1.5,32
TMLE (unweighted),2.2248037953996547,2.003935534361365,2.445672056437944,0.10013413429260254,1.5,32
TMLE (weighted),2.213728534034567,1.9924106831909971,2.4350463848781367,0.004800081253051758,1.5,32
C-TMLE (greedy),2.228763671653104,2.0158433397720925,2.4416840035341156,118.61074805259705,1.5,32
C-TMLE (adaptive correlation),2.2459699596633538,2.088560373259083,2.4033795460676246,15.038527011871338,1.5,32
Oracle TMLE,2.1426709272600455,2.019631761887778,2.265710092632313,0.004648923873901367,1.5,32
Naive difference in means,2.5406433380541755,2.20574047350439,2.875546202603961,0.0,1.5,33
One-step (AIPW),2.0202532318669038,1.7849354565627569,2.2555710071710506,20.715383052825928,1.5,33
TMLE (unweighted),2.2317988043098596,1.9759578849181874,2.4876397237015317,3.2030820846557617,1.5,33
TMLE (weighted),2.0219493018569574,1.7890018465357493,2.2548967571781655,0.0298769474029541,1.5,33
C-TMLE (greedy),2.0242872368607183,1.8586995201286882,2.1898749535927484,205.98881602287292,1.5,33
C-TMLE (adaptive correlation),1.9273889018587191,1.7967879639798476,2.0579898397375906,33.07925295829773,1.5,33
Oracle TMLE,1.968589185907142,1.837057050119085,2.100121321695199,0.004868030548095703,1.5,33
Naive difference in means,3.1652878505069464,2.852509814266563,3.4780658867473297,0.0,1.5,34
One-step (AIPW),1.9058084775538602,1.524633868461114,2.2869830866466065,0.003690004348754883,1.5,34
TMLE (unweighted),1.8942796380338118,1.6635701922359212,2.1249890838317023,0.005279064178466797,1.5,34
TMLE (weighted),1.9108763716216617,1.549956912884472,2.2717958303588515,0.0051670074462890625,1.5,34
C-TMLE (greedy),2.095830617190081,1.9687869037025205,2.2228743306776417,134.22106099128723,1.5,34
C-TMLE (adaptive correlation),2.096606699353987,1.9705803656774663,2.2226330330305077,11.547785997390747,1.5,34
Oracle TMLE,2.0601979657635576,1.9274802334220502,2.192915698105065,0.004511117935180664,1.5,34
Naive difference in means,2.662282983135328,2.3510599298027355,2.9735060364679207,0.0,1.5,35
One-step (AIPW),1.700956085001197,1.279164103712373,2.122748066290021,0.003434896469116211,1.5,35
TMLE (unweighted),1.6740320743036199,1.4686629221246223,1.8794012264826174,0.005162954330444336,1.5,35
TMLE (weighted),1.7000283869550177,1.311889247627951,2.0881675262820845,0.005171060562133789,1.5,35
C-TMLE (greedy),1.9677447099675491,1.8344489780212754,2.1010404419138227,90.72414803504944,1.5,35
C-TMLE (adaptive correlation),1.9736611670155988,1.8337499343523112,2.1135723996788864,16.09573483467102,1.5,35
Oracle TMLE,1.948840265772022,1.8223562879517694,2.075324243592275,0.004363059997558594,1.5,35
Naive difference in means,2.704354196522544,2.3869423103645535,3.0217660826805344,0.0,1.5,36
One-step (AIPW),2.0205858684794573,1.8017045902992628,2.239467146659652,18.68152618408203,1.5,36
TMLE (unweighted),2.2450714288546276,2.046572815930514,2.443570041778741,3.200071096420288,1.5,36
TMLE (weighted),2.026797288962699,1.812954760142955,2.240639817782443,0.032356977462768555,1.5,36
C-TMLE (greedy),1.8764851288610789,1.7416500621603546,2.011320195561803,131.70626187324524,1.5,36
C-TMLE (adaptive correlation),1.885670600046217,1.7620648987249312,2.0092763013675023,15.040776014328003,1.5,36
Oracle TMLE,1.9010123417063405,1.771322308890302,2.0307023745223787,5.903681993484497,1.5,36
Naive difference in means,2.725769354717905,2.3971227847881424,3.0544159246476674,0.0,1.5,37
One-step (AIPW),2.0608777655196238,1.8136981184502412,2.3080574125890063,0.0043239593505859375,1.5,37
TMLE (unweighted),2.2414809323048583,1.951989771140563,2.530972093469154,0.029011964797973633,1.5,37
TMLE (weighted),2.0603991353496696,1.816116730855342,2.304681539843997,0.004808902740478516,1.5,37
C-TMLE (greedy),1.9470816626085536,1.7401596966330042,2.154003628584103,111.53984093666077,1.5,37
C-TMLE (adaptive correlation),1.9646620680878315,1.8223993428067684,2.1069247933688944,4.572349786758423,1.5,37
Oracle TMLE,1.934403162339222,1.8078338417948225,2.060972482883621,0.004413127899169922,1.5,37
Naive difference in means,2.700860478236066,2.3755125559875476,3.026208400484584,0.0,1.5,38
One-step (AIPW),1.9556872515464139,1.599143393923393,2.312231109169435,0.0035490989685058594,1.5,38
TMLE (unweighted),1.9053411074325928,1.5610069657520365,2.249675249113149,0.005089998245239258,1.5,38
TMLE (weighted),1.9548657992044056,1.5995174935217755,2.3102141048870357,0.005057096481323242,1.5,38
C-TMLE (greedy),2.038779204526939,1.8740313183734008,2.2035270906804767,86.39420700073242,1.5,38
C-TMLE (adaptive correlation),2.0428334496309755,1.8712180264439149,2.214448872818036,15.873740196228027,1.5,38
Oracle TMLE,2.0230732940453673,1.8918226845276938,2.154323903563041,0.004518032073974609,1.5,38
Naive difference in means,3.186196646073216,2.853663140001424,3.5187301521450083,0.0,1.5,39
One-step (AIPW),2.053175634601811,1.9037809488247648,2.2025703203788574,18.681543111801147,1.5,39
TMLE (unweighted),1.9289825913320844,1.7636503038148583,2.0943148788493104,3.200071096420288,1.5,39
TMLE (weighted),2.0523793080470893,1.9031799441355415,2.201578671958637,0.032356977462768555,1.5,39
C-TMLE (greedy),2.095361028582777,1.9654699510082803,2.225252106157274,201.07445287704468,1.5,39
C-TMLE (adaptive correlation),2.0810866092567823,1.9588617099644545,2.20331150854911,6.318747043609619,1.5,39
Oracle TMLE,2.0045120279802635,1.8769052073855104,2.1321188485750167,0.0041429996490478516,1.5,39
Naive difference in means,2.884261758543379,2.551753672119494,3.2167698449672644,0.0,1.5,40
One-step (AIPW),1.8392409021572653,1.6742282751469042,2.0042535291676264,0.003050088882446289,1.5,40
TMLE (unweighted),1.6124708646965686,1.401971158989093,1.8229705704040442,0.0044040679931640625,1.5,40
TMLE (weighted),1.8361803286585185,1.6728212594033307,1.9995393979137064,0.004317045211791992,1.5,40
C-TMLE (greedy),1.9380788548872523,1.8036914132039141,2.0724662965705907,88.1817569732666,1.5,40
C-TMLE (adaptive correlation),1.9563890812972757,1.819349963843897,2.0934281987506544,13.98127007484436,1.5,40
Oracle TMLE,1.9175363770385156,1.7906445704436895,2.0444281836333418,0.004034996032714844,1.5,40
Naive difference in means,2.630033817851017,2.3116366894849985,2.948430946217036,0.0,1.5,41
One-step (AIPW),2.0130780721425032,1.8596712260347192,2.166484918250287,0.002816915512084961,1.5,41
TMLE (unweighted),2.0538671454885473,1.8998808397966631,2.2078534511804313,0.004171133041381836,1.5,41
TMLE (weighted),2.0138951108185954,1.8605655347927255,2.1672246868444653,0.004465818405151367,1.5,41
C-TMLE (greedy),1.9699826308907329,1.8330945558224931,2.106870705958973,56.908867835998535,1.5,41
C-TMLE (adaptive correlation),1.980258139023203,1.8527032647801618,2.1078130132662443,45.30923414230347,1.5,41
Oracle TMLE,1.9616382083775288,1.836744776470502,2.0865316402845555,0.0042269229888916016,1.5,41
Naive difference in means,2.792540124944665,2.463382481748621,3.121697768140709,0.0,1.5,42
One-step (AIPW),1.972378283654462,1.7335654893572223,2.211191077951702,20.500945806503296,1.5,42
TMLE (unweighted),1.930060885768417,1.6891059126734613,2.1710158588633726,3.4174249172210693,1.5,42
TMLE (weighted),1.9719866580544476,1.7332956454173185,2.210677670691577,0.029906034469604492,1.5,42
C-TMLE (greedy),2.064931093569401,1.8922731824663062,2.237589004672496,401.64661502838135,1.5,42
C-TMLE (adaptive correlation),2.002876121119209,1.8732466851253964,2.1325055571130216,11.218138933181763,1.5,42
Oracle TMLE,1.9957194699182474,1.8566072970899987,2.134831642746496,0.0041179656982421875,1.5,42
Naive difference in means,2.8047824924996165,2.482498029540326,3.1270669554589072,0.0,1.5,43
One-step (AIPW),1.8274217886084707,1.6332138228179978,2.0216297543989437,0.0029249191284179688,1.5,43
TMLE (unweighted),1.5888125011278982,1.3210678887644667,1.8565571134913297,0.004288911819458008,1.5,43
TMLE (weighted),1.8242000228411308,1.6320456865694843,2.0163543591127775,0.0043790340423583984,1.5,43
C-TMLE (greedy),1.896446096204905,1.7728778768510214,2.0200143155587886,138.29016709327698,1.5,43
C-TMLE (adaptive correlation),1.904502926311898,1.7825911058175594,2.026414746806237,14.380025863647461,1.5,43
Oracle TMLE,1.9517761492495693,1.8247294297757959,2.0788228687233428,0.004322052001953125,1.5,43
Naive difference in means,2.639993776273601,2.3151146430442675,2.9648729095029345,0.0,1.5,44
One-step (AIPW),1.9271008750973786,1.740947540835413,2.1132542093593445,0.0029990673065185547,1.5,44
TMLE (unweighted),2.0565498678743745,1.8632934058987651,2.249806329849984,0.004416942596435547,1.5,44
TMLE (weighted),1.9294796141735342,1.7434752127621358,2.115484015584933,0.004415035247802734,1.5,44
C-TMLE (greedy),1.8635446256550814,1.7215959012694604,2.0054933500407026,55.972721099853516,1.5,44
C-TMLE (adaptive correlation),1.883175245296089,1.7593623643191327,2.006988126273045,6.618129014968872,1.5,44
Oracle TMLE,1.9258796656196402,1.8005098477545307,2.05124948348475,0.004302024841308594,1.5,44
Naive difference in means,2.7109262422345544,2.3843484893521043,3.0375039951170044,0.0,1.5,45
One-step (AIPW),1.7568072894160642,1.2458016819393534,2.2678128968927753,20.50374484062195,1.5,45
TMLE (unweighted),1.6702808521490802,1.380779478430939,1.9597822258672213,3.4146029949188232,1.5,45
TMLE (weighted),1.75448444757964,1.2688375442910613,2.240131350868219,0.030092954635620117,1.5,45
C-TMLE (greedy),2.02483141408897,1.868666256490715,2.180996571687225,530.0454409122467,1.5,45
C-TMLE (adaptive correlation),1.98947015038226,1.8628808396178018,2.116059461146718,6.786550045013428,1.5,45
Oracle TMLE,2.0294086343142084,1.8995966256487842,2.1592206429796326,0.003957986831665039,1.5,45
Naive difference in means,2.847744474902734,2.5127272655278166,3.1827616842776516,0.0,1.5,46
One-step (AIPW),2.170326613302459,1.9990268767934487,2.341626349811469,0.0029039382934570312,1.5,46
TMLE (unweighted),2.3175763793352355,2.1347279307714624,2.5004248278990087,0.0046269893646240234,1.5,46
TMLE (weighted),2.1734203461744372,2.0031842934682227,2.343656398880652,0.005280017852783203,1.5,46
C-TMLE (greedy),2.0893644714274013,1.9533904408941345,2.225338501960668,80.24988198280334,1.5,46
C-TMLE (adaptive correlation),2.097722651256626,1.9680791181303292,2.2273661843829227,11.255316019058228,1.5,46
Oracle TMLE,2.0507912485700572,1.9302958863074469,2.171286610832668,0.0042400360107421875,1.5,46
Naive difference in means,2.926005497828011,2.598697497805161,3.2533134978508604,0.0,1.5,47
One-step (AIPW),2.045190584443241,1.7571655882721602,2.3332155806143224,0.002920866012573242,1.5,47
TMLE (unweighted),2.0460358319516034,1.7572044991290534,2.3348671647741535,0.0043179988861083984,1.5,47
TMLE (weighted),2.0452986879742032,1.757205481768744,2.3333918941796625,0.004240989685058594,1.5,47
C-TMLE (greedy),2.0539935186725127,1.9276260904872649,2.1803609468577605,13.645651817321777,1.5,47
C-TMLE (adaptive correlation),2.046792937178117,1.9268564136288044,2.1667294607274292,3.6665730476379395,1.5,47
Oracle TMLE,2.0313369742540965,1.9040281587400094,2.1586457897681837,0.0042438507080078125,1.5,47
Naive difference in means,2.9299671340974722,2.623878933658893,3.2360553345360517,0.0,1.5,48
One-step (AIPW),1.2480077457843146,-0.0611368086217674,2.5571523001903964,20.500999927520752,1.5,48
TMLE (unweighted),1.789698516848341,1.5979258588533891,1.981471174843293,3.417437791824341,1.5,48
TMLE (weighted),1.3815844734129612,0.3127278723472784,2.4504410744786442,0.02988886833190918,1.5,48
C-TMLE (greedy),1.9903557062867008,1.8641734859861523,2.1165379265872493,287.544508934021,1.5,48
C-TMLE (adaptive correlation),1.9997270302150632,1.8374054689396744,2.162048591490452,35.05051898956299,1.5,48
Oracle TMLE,1.9878139560300934,1.8604782528981725,2.115149659162014,0.00421595573425293,1.5,48
Naive difference in means,2.9875339915221737,2.668146106857712,3.3069218761866352,0.0,1.5,49
One-step (AIPW),2.027698821412409,1.789046342405405,2.266351300419413,0.0029859542846679688,1.5,49
TMLE (unweighted),2.0267576148805317,1.7862249227813471,2.2672903069797163,0.0043070316314697266,1.5,49
TMLE (weighted),2.0277046119488418,1.788915498664391,2.2664937252332926,0.004227161407470703,1.5,49
C-TMLE (greedy),2.0091000797210636,1.8685904203831862,2.149609739058941,121.30344200134277,1.5,49
C-TMLE (adaptive correlation),1.9881961858144583,1.824395880424957,2.1519964912039597,23.87611985206604,1.5,49
Oracle TMLE,2.021269024456132,1.8877728528746127,2.1547651960376513,0.004563093185424805,1.5,49
Naive difference in means,2.560197261714533,2.2381940587296962,2.88220046469937,0.0,1.5,50
One-step (AIPW),2.098609675834708,1.856381155477587,2.3408381961918288,0.0031969547271728516,1.5,50
TMLE (unweighted),2.13770810795431,1.8920863326064163,2.3833298833022036,0.004651784896850586,1.5,50
TMLE (weighted),2.0982563437151067,1.856009003023559,2.3405036844066545,0.004648923873901367,1.5,50
C-TMLE (greedy),2.069355849147152,1.9456184936625398,2.193093204631764,43.371235847473145,1.5,50
C-TMLE (adaptive correlation),2.0723759686303054,1.94980131308039,2.194950624180221,9.333301067352295,1.5,50
Oracle TMLE,1.9790601923167421,1.854348629697275,2.103771754936209,0.003776073455810547,1.5,50
Naive difference in means,2.7529914554796564,2.434590645460561,3.0713922654987518,0.0,1.5,51
One-step (AIPW),2.033994060796669,1.8799787368685315,2.1880093847248063,19.448904991149902,1.5,51
TMLE (unweighted),2.1155850196871993,1.960064240535137,2.271105798839262,2.752120018005371,1.5,51
TMLE (weighted),2.0362141837728056,1.882487842181383,2.189940525364228,0.029321908950805664,1.5,51
C-TMLE (greedy),1.9478700003251037,1.8064104922815865,2.0893295083686207,307.77205896377563,1.5,51
C-TMLE (adaptive correlation),1.979305955461817,1.8501232103078693,2.108488700615765,11.222511053085327,1.5,51
Oracle TMLE,2.0045730637994406,1.878068077908469,2.1310780496904123,0.004142045974731445,1.5,51
Naive difference in means,2.722229563544612,2.395510834080394,3.04894829300883,0.0,1.5,52
One-step (AIPW),2.062126322116807,1.8591470157321281,2.265105628501486,0.004103899002075195,1.5,52
TMLE (unweighted),2.345128173237353,1.926137020866903,2.7641193256078025,0.00489497184753418,1.5,52
TMLE (weighted),2.0617386504388167,1.8672471842315694,2.256230116646064,0.00447392463684082,1.5,52
C-TMLE (greedy),1.8702545870823377,1.668103986317853,2.0724051878468224,182.96347999572754,1.5,52
C-TMLE (adaptive correlation),1.927794730423854,1.7897647697878638,2.065824691059844,39.464648962020874,1.5,52
Oracle TMLE,1.967138810420816,1.8389960894526476,2.0952815313889843,0.004555940628051758,1.5,52
Naive difference in means,2.7667861219975958,2.437411118395885,3.0961611255993065,0.0,1.5,53
One-step (AIPW),2.143095704156063,1.9732220066760915,2.3129694016360345,0.003376007080078125,1.5,53
TMLE (unweighted),2.5850132837706887,2.393017862670014,2.7770087048713634,0.005006074905395508,1.5,53
TMLE (weighted),2.151813408696236,1.985722043752396,2.3179047736400764,0.005006074905395508,1.5,53
C-TMLE (greedy),2.0239241195126993,1.8923299039057908,2.155518335119608,34.19191908836365,1.5,53
C-TMLE (adaptive correlation),2.0247031898290553,1.8932055580363545,2.156200821621756,3.585577964782715,1.5,53
Oracle TMLE,2.035344821826778,1.8985577387213146,2.1721319049322414,0.0038421154022216797,1.5,53
Naive difference in means,3.0532317632321124,2.726064452144637,3.380399074319588,0.0,1.5,54
One-step (AIPW),1.8865146599595355,1.661426169448046,2.111603150471025,0.0036840438842773438,1.5,54
TMLE (unweighted),1.7963241470438078,1.5929865041552977,1.999661789932318,0.004410982131958008,1.5,54
TMLE (weighted),1.884736665884377,1.662675642144478,2.1067976896242757,0.004244089126586914,1.5,54
C-TMLE (greedy),1.9132558767673586,1.7534972531797315,2.0730145003549856,24.469980001449585,1.5,54
C-TMLE (adaptive correlation),1.9344087222935387,1.7991554442593796,2.0696620003276975,7.215351819992065,1.5,54
Oracle TMLE,1.9927932709906409,1.8608811433675876,2.124705398613694,0.004463911056518555,1.5,54
Naive difference in means,2.8780265455033858,2.5444588734703726,3.211594217536399,0.0,1.5,55
One-step (AIPW),1.993467528055124,1.8250640730291505,2.1618709830810974,19.215605974197388,1.5,55
TMLE (unweighted),2.080276589701846,1.9076985160906161,2.2528546633130757,2.9854559898376465,1.5,55
TMLE (weighted),1.9946492839468124,1.8264531839114675,2.1628453839821575,0.02930617332458496,1.5,55
C-TMLE (greedy),1.8961842429648017,1.7396825762174917,2.0526859097121117,492.98288011550903,1.5,55
C-TMLE (adaptive correlation),1.922661462280674,1.767882159227977,2.0774407653333706,12.487121105194092,1.5,55
Oracle TMLE,1.966991561787774,1.8372988013759017,2.0966843221996463,0.004168033599853516,1.5,55
Naive difference in means,2.948450213862087,2.6187362897273667,3.278164137996807,0.0,1.5,56
One-step (AIPW),2.1147108732505364,1.8409039198032597,2.388517826697813,0.00380706787109375,1.5,56
TMLE (unweighted),2.15257968827939,1.9429916375695622,2.362167738989218,0.0045850276947021484,1.5,56
TMLE (weighted),2.114699895774215,1.8479984676223213,2.381401323926109,0.004302978515625,1.5,56
C-TMLE (greedy),1.9562365544617428,1.7997780824868217,2.112695026436664,45.59282994270325,1.5,56
C-TMLE (adaptive correlation),1.9893737247287555,1.867629069821419,2.1111183796360917,4.4078309535980225,1.5,56
Oracle TMLE,2.054419871534698,1.929235562171536,2.1796041808978597,0.003879070281982422,1.5,56
Naive difference in means,2.776024582183964,2.451741185176041,3.1003079791918875,0.0,1.5,57
One-step (AIPW),1.9961389862317798,1.7669154998594019,2.2253624726041576,0.003923892974853516,1.5,57
TMLE (unweighted),2.0342255728512275,1.8138930041672705,2.2545581415351847,0.004774808883666992,1.5,57
TMLE (weighted),1.9952225366017873,1.7681260994669814,2.222318973736593,0.00460505485534668,1.5,57
C-TMLE (greedy),1.8771491404285772,1.7055989056494787,2.0486993752076756,33.98141288757324,1.5,57
C-TMLE (adaptive correlation),1.9073322209155383,1.781163217509918,2.0335012243211588,8.3855619430542,1.5,57
Oracle TMLE,1.9325623453571181,1.8042582022665874,2.060866488447649,0.07229185104370117,1.5,57
Naive difference in means,2.787526129261752,2.4728096078113224,3.102242650712182,0.0,1.5,58
One-step (AIPW),2.151786330788786,1.9393304599840038,2.3642422015935685,19.21558904647827,1.5,58
TMLE (unweighted),2.232894796793757,2.0155069368757985,2.4502826567117157,2.985428810119629,1.5,58
TMLE (weighted),2.155548140112551,1.9453338201119652,2.3657624601131366,0.029334068298339844,1.5,58
C-TMLE (greedy),2.0582047028953374,1.9250000979947504,2.1914093077959245,129.03040313720703,1.5,58
C-TMLE (adaptive correlation),2.0688350941059808,1.9359785178948903,2.2016916703170715,3.6134090423583984,1.5,58
Oracle TMLE,2.0230916819816405,1.8960229431256923,2.150160420837589,0.0042400360107421875,1.5,58
Naive difference in means,2.743703882727518,2.4227715959125202,3.064636169542516,0.0,1.5,59
One-step (AIPW),1.804597012345333,1.5828295159041554,2.0263645087865108,0.004104137420654297,1.5,59
TMLE (unweighted),1.7561516013376466,1.5511304011316067,1.9611728015436865,0.0046880245208740234,1.5,59
TMLE (weighted),1.8109646447114969,1.5979000926266833,2.0240291967963104,0.004296779632568359,1.5,59
C-TMLE (greedy),1.9509731650834965,1.7968997536074014,2.1050465765595914,118.62283992767334,1.5,59
C-TMLE (adaptive correlation),1.9194176810900592,1.7820296037107912,2.056805758469327,9.807135105133057,1.5,59
Oracle TMLE,1.966212493415752,1.8388500537513206,2.0935749330801836,0.0040740966796875,1.5,59
Naive difference in means,2.9023464084725354,2.573509467539152,3.231183349405919,0.0,1.5,60
One-step (AIPW),2.0540644726667416,1.8236417845234085,2.2844871608100745,0.0036759376525878906,1.5,60
TMLE (unweighted),2.0972470565908092,1.8987241436186335,2.295769969562985,0.0044519901275634766,1.5,60
TMLE (weighted),2.0552771179154035,1.8279534429150197,2.282600792915787,0.004212141036987305,1.5,60
C-TMLE (greedy),1.971674702385669,1.840519452728309,2.102829952043029,96.69444394111633,1.5,60
C-TMLE (adaptive correlation),1.9662509404265465,1.8267098379679312,2.1057920428851618,20.485034942626953,1.5,60
Oracle TMLE,2.02642268469549,1.9012007334622794,2.1516446359287,0.003906965255737305,1.5,60
Naive difference in means,2.8207556336405117,2.495353120530393,3.1461581467506305,0.0,1.5,61
One-step (AIPW),1.6868003970439431,1.4114589923400456,1.9621418017478407,19.21559500694275,1.5,61
TMLE (unweighted),1.7105710338526519,1.4857573208396189,1.9353847468656848,2.985459804534912,1.5,61
TMLE (weighted),1.6921254653943205,1.4270368935098496,1.9572140372787914,0.029877901077270508,1.5,61
C-TMLE (greedy),1.7989196445799012,1.6749741420561821,1.9228651471036202,102.72775101661682,1.5,61
C-TMLE (adaptive correlation),1.78974837145922,1.6613899297811288,1.9181068131373111,12.402693033218384,1.5,61
Oracle TMLE,1.805341726301563,1.6771229626890285,1.9335604899140975,4.846182107925415,1.5,61
Naive difference in means,2.6109318445242757,2.3015796844564274,2.920284004592124,0.0,1.5,62
One-step (AIPW),1.9105419060490767,1.4621205100862613,2.358963302011892,0.0039141178131103516,1.5,62
TMLE (unweighted),1.873329228999147,1.532649002718922,2.2140094552793723,0.004631996154785156,1.5,62
TMLE (weighted),1.9136648600257762,1.4766290990023243,2.350700621049228,0.004374980926513672,1.5,62
C-TMLE (greedy),2.0258490879594224,1.8906450163448416,2.1610531595740032,173.44330406188965,1.5,62
C-TMLE (adaptive correlation),2.0532748058519994,1.8916983990900238,2.2148512126139748,53.16780686378479,1.5,62
Oracle TMLE,1.982348055995834,1.8556186860513142,2.1090774259403537,0.0043659210205078125,1.5,62
Naive difference in means,2.5729530331354913,2.239442214098228,2.9064638521727546,0.0,1.5,63
One-step (AIPW),2.1934798616686866,2.0148923312835008,2.3720673920538724,0.003683805465698242,1.5,63
TMLE (unweighted),2.308721157056296,2.1264295582574158,2.4910127558551767,0.004555940628051758,1.5,63
TMLE (weighted),2.196684704563678,2.018188494133211,2.3751809149941447,0.0043032169342041016,1.5,63
C-TMLE (greedy),2.1165782609035597,1.9810131232627222,2.2521433985443973,64.1578779220581,1.5,63
C-TMLE (adaptive correlation),2.1377915334830666,2.0007883317463735,2.2747947352197597,29.426755905151367,1.5,63
Oracle TMLE,2.088907343105625,1.9639706823733605,2.21384400383789,0.0056591033935546875,1.5,63
Naive difference in means,2.757128057642253,2.4225001883090567,3.0917559269754493,0.0,1.5,64
One-step (AIPW),1.8601798753420073,1.7049111015778466,2.015448649106168,19.452102184295654,1.5,64
TMLE (unweighted),1.8048876260973055,1.648958934994079,1.960816317200532,2.748953104019165,1.5,64
TMLE (weighted),1.8591996819125147,1.7042275248007013,2.014171839024328,0.02968907356262207,1.5,64
C-TMLE (greedy),1.8510123018405764,1.7121302669677239,1.989894336713429,383.7505440711975,1.5,64
C-TMLE (adaptive correlation),1.8591996819125147,1.7042275248007013,2.014171839024328,44.556978940963745,1.5,64
Oracle TMLE,1.9749512058322463,1.8420603415840333,2.1078420700804594,0.005528926849365234,1.5,64
Naive difference in means,2.5871333497838713,2.267944098637143,2.9063226009306,0.0,1.5,65
One-step (AIPW),1.8777886759247566,1.664162935099597,2.0914144167499162,0.004058122634887695,1.5,65
TMLE (unweighted),1.8040105060454754,1.5894908414214168,2.018530170669534,0.004611968994140625,1.5,65
TMLE (weighted),1.8770682227728397,1.663820476604058,2.090315968941621,0.004295825958251953,1.5,65
C-TMLE (greedy),1.9108073917282526,1.7866916520543878,2.0349231314021177,79.78447699546814,1.5,65
C-TMLE (adaptive correlation),1.9055695941522008,1.7791565691948585,2.031982619109543,8.534214973449707,1.5,65
Oracle TMLE,1.9368946489226797,1.8088271043513688,2.0649621934939906,0.004225969314575195,1.5,65
Naive difference in means,2.558961442209713,2.227414087319924,2.8905087970995016,0.0,1.5,66
One-step (AIPW),1.9586535688299735,1.7424056268384893,2.1749015108214578,0.0037620067596435547,1.5,66
TMLE (unweighted),1.9267044780773634,1.7125174776416265,2.1408914785131,0.004513978958129883,1.5,66
TMLE (weighted),1.9587138735758025,1.7432587942054978,2.1741689529461072,0.004354000091552734,1.5,66
C-TMLE (greedy),1.9930420378969849,1.858759124179805,2.1273249516141646,23.588987112045288,1.5,66
C-TMLE (adaptive correlation),2.002030887638114,1.8784045332574968,2.125657242018731,4.084521055221558,1.5,66
Oracle TMLE,1.9372537032299355,1.8111995130562493,2.0633078934036218,0.0041620731353759766,1.5,66
Naive difference in means,2.930049918799787,2.6064381215098638,3.25366171608971,0.0,1.5,67
One-step (AIPW),2.0633776004711546,1.8372477266334297,2.2895074743088797,19.452219009399414,1.5,67
TMLE (unweighted),2.0907890133599785,1.8855557502019835,2.296022276517973,2.7488911151885986,1.5,67
TMLE (weighted),2.0635802081116448,1.8394572731357586,2.287703143087531,0.029942035675048828,1.5,67
C-TMLE (greedy),2.0257899516234112,1.8129703905192458,2.2386095127275767,214.92440700531006,1.5,67
C-TMLE (adaptive correlation),2.0244571455794893,1.8994645253448756,2.149449765814103,4.281075954437256,1.5,67
Oracle TMLE,1.955158291797851,1.8253657827885876,2.0849508008071145,0.004621028900146484,1.5,67
Naive difference in means,2.9193859961793054,2.602866458227051,3.2359055341315597,0.0,1.5,68
One-step (AIPW),2.0670309225058436,1.8949991250081015,2.2390627200035857,0.0037229061126708984,1.5,68
TMLE (unweighted),2.0020593785512983,1.8271511351937977,2.176967621908799,0.004485130310058594,1.5,68
TMLE (weighted),2.066333023388154,1.8943013064481666,2.238364740328141,0.0042760372161865234,1.5,68
C-TMLE (greedy),2.075422688684667,1.9406138326466482,2.2102315447226863,94.78855800628662,1.5,68
C-TMLE (adaptive correlation),2.088349653825991,1.9708214815135137,2.205877826138469,14.648403882980347,1.5,68
Oracle TMLE,2.0648187480061444,1.9424482991557006,2.187189196856588,0.004943132400512695,1.5,68
Naive difference in means,2.854701743281424,2.5301394614728,3.1792640250900477,0.0,1.5,69
One-step (AIPW),2.0804067821413224,1.8297248320737616,2.331088732208883,0.0040090084075927734,1.5,69
TMLE (unweighted),2.2129844491043817,1.914953920326147,2.5110149778826165,0.004642009735107422,1.5,69
TMLE (weighted),2.0817335403692905,1.830509013798214,2.3329580669403667,0.0043637752532958984,1.5,69
C-TMLE (greedy),1.9401165641147535,1.8115775045094504,2.0686556237200566,162.48149991035461,1.5,69
C-TMLE (adaptive correlation),1.95368910306002,1.832445544609788,2.0749326615102524,14.66788911819458,1.5,69
Oracle TMLE,1.9266897459466024,1.8016318502688935,2.0517476416243112,0.004266977310180664,1.5,69
Naive difference in means,2.833993692270235,2.508057684082866,3.159929700457604,0.0,1.5,70
One-step (AIPW),2.0796463021226863,1.904162777486941,2.2551298267584317,19.213551998138428,1.5,70
TMLE (unweighted),2.0473991473529924,1.87906879028455,2.215729504421435,2.9854559898376465,1.5,70
TMLE (weighted),2.0790353082339816,1.904247424456647,2.2538231920113163,0.02930903434753418,1.5,70
C-TMLE (greedy),2.115738263686444,1.986805081865135,2.244671445507753,165.17226791381836,1.5,70
C-TMLE (adaptive correlation),2.1157153741488766,1.9882019166952745,2.2432288316024787,30.466120958328247,1.5,70
Oracle TMLE,2.112081955170054,1.9874290166139266,2.2367348937261813,0.004115104675292969,1.5,70
Naive difference in means,2.7098244142494554,2.402371730737492,3.017277097761419,0.0,1.5,71
One-step (AIPW),2.08600660581987,1.8917424972224854,2.280270714417255,0.0043392181396484375,1.5,71
TMLE (unweighted),2.1303746838220694,1.936759080568003,2.323990287076136,0.0050470829010009766,1.5,71
TMLE (weighted),2.086475984115595,1.8926101469030079,2.280341821328182,0.004697084426879883,1.5,71
C-TMLE (greedy),2.083468191022342,1.9471453034880875,2.219791078556596,186.6876358985901,1.5,71
C-TMLE (adaptive correlation),2.0592956569661367,1.9060539660973446,2.2125373478349286,24.28101110458374,1.5,71
Oracle TMLE,2.0474236349898827,1.9184617123499965,2.176385557629769,0.004125833511352539,1.5,71
Naive difference in means,2.812079566957147,2.493903969739527,3.1302551641747667,0.0,1.5,72
One-step (AIPW),1.984680924059692,1.7386152599926945,2.2307465881266895,0.003895998001098633,1.5,72
TMLE (unweighted),2.0803094745503903,1.8200156806445498,2.340603268456231,0.004497051239013672,1.5,72
TMLE (weighted),1.9854514817501254,1.7387474892120944,2.2321554742881564,0.004205942153930664,1.5,72
C-TMLE (greedy),2.0153900862048397,1.8665535151760178,2.164226657233662,64.80493879318237,1.5,72
C-TMLE (adaptive correlation),2.00545076693949,1.8617199038147867,2.149181630064193,13.961763143539429,1.5,72
Oracle TMLE,1.8923321351328806,1.7662978107073954,2.0183664595583655,0.004975080490112305,1.5,72
Naive difference in means,2.612237236637231,2.2865054442214516,2.9379690290530105,0.0,1.5,73
One-step (AIPW),1.9791939414598132,1.7690910471017198,2.1892968358179066,19.21445107460022,1.5,73
TMLE (unweighted),1.9318512651736548,1.7203638369731977,2.143338693374112,2.9854888916015625,1.5,73
TMLE (weighted),1.978174954864533,1.768693637053854,2.1876562726752122,0.029942035675048828,1.5,73
C-TMLE (greedy),2.07600234308724,1.9390433716196624,2.2129613145548173,200.2491500377655,1.5,73
C-TMLE (adaptive correlation),2.044949370261034,1.9210830161629375,2.168815724359131,23.704238891601562,1.5,73
Oracle TMLE,1.9407796462117881,1.8149302752297674,2.066629017193809,0.004189968109130859,1.5,73
Naive difference in means,2.746814788904584,2.422158009294615,3.071471568514553,0.0,1.5,74
One-step (AIPW),2.184051871596654,2.00474716301128,2.363356580182028,0.0034542083740234375,1.5,74
TMLE (unweighted),2.2281319365878316,2.049822605564544,2.406441267611119,0.004609107971191406,1.5,74
TMLE (weighted),2.185531615972138,2.006524682226364,2.3645385497179117,0.004370927810668945,1.5,74
C-TMLE (greedy),2.144459929640811,2.004569955434451,2.2843499038471706,64.03851008415222,1.5,74
C-TMLE (adaptive correlation),2.148489012764506,1.9970289862462347,2.2999490392827773,20.264647960662842,1.5,74
Oracle TMLE,2.0230914504484034,1.8961642305920468,2.15001867030476,0.004497051239013672,1.5,74
Naive difference in means,3.135441006180724,2.8162201827499573,3.454661829611491,0.0,1.5,75
One-step (AIPW),1.7459248133650178,1.0840303929633106,2.407819233766725,0.003824949264526367,1.5,75
TMLE (unweighted),1.767614821932868,1.2770434281395362,2.2581862157262,0.004767894744873047,1.5,75
TMLE (weighted),1.770345267118598,1.147228460432484,2.393462073804712,0.004518985748291016,1.5,75
C-TMLE (greedy),2.037631451446651,1.9004113211853686,2.1748515817079332,86.61206817626953,1.5,75
C-TMLE (adaptive correlation),2.0633733552410414,1.918649298770679,2.2080974117114036,20.29470705986023,1.5,75
Oracle TMLE,2.1152441514697786,1.9859552688942559,2.2445330340453014,0.0041048526763916016,1.5,75
Naive difference in means,3.042328970434045,2.726129554229294,3.3585283866387963,0.0,1.5,76
One-step (AIPW),1.9930528898752276,1.7947427396627784,2.1913630400876767,16.60837984085083,1.5,76
TMLE (unweighted),2.0609134324654748,1.8612784220545175,2.260548442876432,2.7630538940429688,1.5,76
TMLE (weighted),1.9945466068620394,1.7962838410043125,2.1928093727197666,0.0217130184173584,1.5,76
C-TMLE (greedy),2.000843636921528,1.845325598691477,2.1563616751515795,381.6195080280304,1.5,76
C-TMLE (adaptive correlation),1.9441204713939215,1.8248201185492101,2.063420824238633,9.719732999801636,1.5,76
Oracle TMLE,1.9674261727110403,1.8362766909832737,2.0985756544388066,0.0038230419158935547,1.5,76
Naive difference in means,2.8890287697283257,2.5730081967019185,3.205049342754733,0.0,1.5,77
One-step (AIPW),1.9573904843917884,1.758577173852198,2.156203794931379,0.0028188228607177734,1.5,77
TMLE (unweighted),1.9113011585109003,1.7195094215698354,2.103092895451965,0.0042078495025634766,1.5,77
TMLE (weighted),1.957192580650834,1.7598270407904089,2.154558120511259,0.004235029220581055,1.5,77
C-TMLE (greedy),2.0442843870185197,1.8596924296651516,2.228876344371888,77.82287788391113,1.5,77
C-TMLE (adaptive correlation),2.0117433228834636,1.868156507859734,2.1553301379071934,14.055527925491333,1.5,77
Oracle TMLE,1.9800788685288335,1.8507193137443605,2.1094384233133066,0.004781007766723633,1.5,77
Naive difference in means,2.86167592227152,2.5432384888770674,3.1801133556659726,0.0,1.5,78
One-step (AIPW),2.297468636071498,1.7429614007180985,2.8519758714248975,0.003489971160888672,1.5,78
TMLE (unweighted),2.1175652386303487,1.9037791945094604,2.3313512827512373,0.005142927169799805,1.5,78
TMLE (weighted),2.2542106942704123,1.7826827353202659,2.7257386532205587,0.005048990249633789,1.5,78
C-TMLE (greedy),2.064680851929824,1.9272753975590426,2.2020863063006053,39.42976903915405,1.5,78
C-TMLE (adaptive correlation),2.0765830758491,1.9176308048121178,2.2355353468860826,14.245270013809204,1.5,78
Oracle TMLE,2.117461483883366,1.986793880917755,2.2481290868489765,0.004241943359375,1.5,78
Naive difference in means,2.5610683835391317,2.2394765404840022,2.882660226594261,0.0,1.5,79
One-step (AIPW),2.0613540061102915,1.7806336505201878,2.342074361700395,0.0028600692749023438,1.5,79
TMLE (unweighted),1.999360240223622,1.7235398470473677,2.275180633399876,0.004197120666503906,1.5,79
TMLE (weighted),2.060531019569148,1.781500535551113,2.3395615035871833,0.004075050354003906,1.5,79
C-TMLE (greedy),2.1886896900031987,1.959825468952952,2.4175539110534454,47.11300611495972,1.5,79
C-TMLE (adaptive correlation),2.1511212523919956,1.9793486603477017,2.3228938444362894,10.745548963546753,1.5,79
Oracle TMLE,2.0759591053539226,1.949470467949294,2.2024477427585514,0.004537105560302734,1.5,79
Naive difference in means,3.0316545621539066,2.714051954774317,3.3492571695334963,0.0,1.5,80
One-step (AIPW),2.0722315860368448,1.8813276163194754,2.2631355557542143,18.677194118499756,1.5,80
TMLE (unweighted),2.073187413547163,1.882365483888989,2.264009343205337,2.763031005859375,1.5,80
TMLE (weighted),2.0722692462204315,1.881371437880508,2.263167054560355,0.020926952362060547,1.5,80
C-TMLE (greedy),2.0722692462204315,1.881371437880508,2.263167054560355,180.7950541973114,1.5,80
C-TMLE (adaptive correlation),2.066962618665385,1.9414466748545567,2.192478562476213,16.510287046432495,1.5,80
Oracle TMLE,2.0731770167023655,1.9418749094229062,2.204479123981825,0.0045909881591796875,1.5,80
Naive difference in means,3.2192938901051416,2.889362560659057,3.549225219551226,0.0,1.5,81
One-step (AIPW),2.1972178984155675,1.9291397485248734,2.4652960483062616,0.0035619735717773438,1.5,81
TMLE (unweighted),2.237270477281728,1.996479835645404,2.4780611189180517,0.005238056182861328,1.5,81
TMLE (weighted),2.1930528553024615,1.932419920813198,2.453685789791725,0.005106925964355469,1.5,81
C-TMLE (greedy),2.0570613298175493,1.921918993700721,2.1922036659343775,69.65292501449585,1.5,81
C-TMLE (adaptive correlation),2.055369186043663,1.9128835643748792,2.1978548077124467,15.426944971084595,1.5,81
Oracle TMLE,2.081463539605716,1.9482003401695713,2.2147267390418603,0.003938198089599609,1.5,81
Naive difference in means,2.799385413765951,2.468129603658166,3.130641223873736,0.0,1.5,82
One-step (AIPW),2.065277151745792,1.8805122247228903,2.250042078768694,0.002852201461791992,1.5,82
TMLE (unweighted),2.1250845005640167,1.9393594231295597,2.310809577998474,0.004251003265380859,1.5,82
TMLE (weighted),2.065349170316925,1.881690224438494,2.2490081161953555,0.004418134689331055,1.5,82
C-TMLE (greedy),2.0321035490476738,1.875056842957561,2.1891502551377866,101.20429992675781,1.5,82
C-TMLE (adaptive correlation),2.008782916783071,1.8751448535058532,2.1424209800602885,12.43139386177063,1.5,82
Oracle TMLE,1.9652948776443195,1.835687078009819,2.0949026772788204,0.004126071929931641,1.5,82
Naive difference in means,2.7171018721652604,2.3948581207314334,3.0393456235990874,0.0,1.5,83
One-step (AIPW),2.0056721920319402,1.7911332669967133,2.220211117067167,16.49529790878296,1.5,83
TMLE (unweighted),1.9400662159765958,1.7190149675068023,2.1611174644463893,2.996687889099121,1.5,83
TMLE (weighted),2.005256324497922,1.7907253622897294,2.2197872867061146,0.020919084548950195,1.5,83
C-TMLE (greedy),2.05816089419871,1.8988527093373024,2.217469079060118,188.9324140548706,1.5,83
C-TMLE (adaptive correlation),2.0400377034134682,1.8900401585194992,2.1900352483074372,33.16819500923157,1.5,83
Oracle TMLE,1.9868434098586936,1.8617198288253052,2.111966990892082,0.0045931339263916016,1.5,83
Naive difference in means,2.9767703995148196,2.643430774665953,3.310110024363686,0.0,1.5,84
One-step (AIPW),2.065383513546711,1.792653201374047,2.338113825719375,0.0030460357666015625,1.5,84
TMLE (unweighted),2.06548579834168,1.792594912784543,2.338376683898817,0.004698038101196289,1.5,84
TMLE (weighted),2.0654695938220384,1.7928061351234903,2.3381330525205866,0.0042269229888916016,1.5,84
C-TMLE (greedy),2.0322282481272174,1.877887581464638,2.1865689147897966,119.6134250164032,1.5,84
C-TMLE (adaptive correlation),2.0721255611660827,1.9487922374789555,2.1954588848532097,11.765456199645996,1.5,84
Oracle TMLE,2.0409314844528907,1.9128173676833184,2.169045601222463,0.003962039947509766,1.5,84
Naive difference in means,2.7860090770846386,2.4597034493750405,3.1123147047942368,0.0,1.5,85
One-step (AIPW),2.0228067269588803,1.8151646717964023,2.2304487821213583,0.0029540061950683594,1.5,85
TMLE (unweighted),1.995469732838479,1.7859302433699633,2.2050092223069946,0.0044519901275634766,1.5,85
TMLE (weighted),2.022629861167759,1.8150811652082885,2.2301785571272297,0.004616975784301758,1.5,85
C-TMLE (greedy),2.04883359762663,1.9231591286112533,2.174508066642007,53.25501203536987,1.5,85
C-TMLE (adaptive correlation),2.0303087744085966,1.9090263183776262,2.1515912304395672,4.931298017501831,1.5,85
Oracle TMLE,2.016463434488374,1.8881430825423127,2.1447837864344352,0.004031181335449219,1.5,85
Naive difference in means,2.783411827649668,2.463844909738876,3.10297874556046,0.0,1.5,86
One-step (AIPW),1.9561754249975127,1.6335791512258897,2.2787716987691358,18.677072048187256,1.5,86
TMLE (unweighted),1.9568244075476162,1.633701235848841,2.2799475792463912,2.7630369663238525,1.5,86
TMLE (weighted),1.9560989925546646,1.6334448762723284,2.2787531088370008,0.0215909481048584,1.5,86
C-TMLE (greedy),1.9638526435879695,1.8339584516548448,2.0937468355210944,165.8385670185089,1.5,86
C-TMLE (adaptive correlation),1.952277056542679,1.834604024916578,2.06995008816878,6.5396130084991455,1.5,86
Oracle TMLE,1.9716652227836078,1.8471244450092512,2.0962060005579644,0.0037670135498046875,1.5,86
Naive difference in means,2.812702441467307,2.4917222700232737,3.13368261291134,0.0,1.5,87
One-step (AIPW),2.2271608772467006,2.0199080889478562,2.434413665545545,0.002888917922973633,1.5,87
TMLE (unweighted),2.4445525570582487,2.2076623932090516,2.681442720907446,0.004196882247924805,1.5,87
TMLE (weighted),2.2306710737835456,2.026064947395483,2.4352772001716083,0.00409388542175293,1.5,87
C-TMLE (greedy),2.1370129490001557,2.0010843910158695,2.272941506984442,70.79550909996033,1.5,87
C-TMLE (adaptive correlation),2.127316163292562,1.9952701904361185,2.2593621361490057,7.418848991394043,1.5,87
Oracle TMLE,2.0416457135694293,1.9172354804676033,2.1660559466712552,0.004026174545288086,1.5,87
Naive difference in means,3.2097169357352033,2.8842054288325625,3.535228442637844,0.0,1.5,88
One-step (AIPW),2.2710376280274245,2.0244563001891875,2.5176189558656614,0.0032520294189453125,1.5,88
TMLE (unweighted),2.267716530635392,2.036667203775835,2.4987658574949494,0.004783153533935547,1.5,88
TMLE (weighted),2.2665148989437407,2.0233973384786617,2.5096324594088197,0.004765033721923828,1.5,88
C-TMLE (greedy),2.215092233487963,2.0680980162632663,2.3620864507126598,105.54833698272705,1.5,88
C-TMLE (adaptive correlation),2.2050115241553896,2.0674619802527374,2.3425610680580418,22.450752019882202,1.5,88
Oracle TMLE,2.105952384344384,1.9743724066634094,2.237532362025359,0.00489497184753418,1.5,88
Naive difference in means,2.6375192985219336,2.330144946644389,2.9448936503994783,0.0,1.5,89
One-step (AIPW),2.015773371369583,1.737084037683526,2.29446270505564,16.711704969406128,1.5,89
TMLE (unweighted),1.8799321822284285,1.6140530527366501,2.1458113117202067,2.766408920288086,1.5,89
TMLE (weighted),2.0128460997908943,1.736285639964561,2.2894065596172277,0.02117300033569336,1.5,89
C-TMLE (greedy),2.020192481456277,1.837796447832245,2.2025885150803086,470.013072013855,1.5,89
C-TMLE (adaptive correlation),2.0248659430220597,1.7586475303858922,2.291084355658227,14.996942043304443,1.5,89
Oracle TMLE,2.0376149447067604,1.9108264875874608,2.16440340182606,0.004317045211791992,1.5,89
Naive difference in means,2.7381954563402715,2.4132021438924434,3.0631887687880996,0.0,1.5,90
One-step (AIPW),2.0642184556098733,1.7970242302316521,2.3314126809880946,0.0029289722442626953,1.5,90
TMLE (unweighted),2.093831062358539,1.8285941182977012,2.3590680064193768,0.004363059997558594,1.5,90
TMLE (weighted),2.064693235749438,1.7977374723149657,2.3316489991839098,0.004457950592041016,1.5,90
C-TMLE (greedy),2.054100704826322,1.889988890827999,2.218212518824645,94.31120800971985,1.5,90
C-TMLE (adaptive correlation),2.0471570524900153,1.9200086780055592,2.1743054269744713,3.6542470455169678,1.5,90
Oracle TMLE,2.0656941946444003,1.932942387441194,2.1984460018476066,0.004060983657836914,1.5,90
Naive difference in means,2.8262186688898066,2.5030177264226383,3.149419611356975,0.0,1.5,91
One-step (AIPW),2.1621053761644795,1.7963618293584547,2.527848922970504,0.002930164337158203,1.5,91
TMLE (unweighted),2.125916228824696,1.8353544559741883,2.416478001675204,0.004395961761474609,1.5,91
TMLE (weighted),2.151912863131252,1.7970841559204922,2.5067415703420117,0.07637381553649902,1.5,91
C-TMLE (greedy),2.041194994866248,1.920315412333586,2.16207457739891,33.319819927215576,1.5,91
C-TMLE (adaptive correlation),1.996657546065068,1.8358135784543177,2.157501513675818,11.829293012619019,1.5,91
Oracle TMLE,2.076651988592019,1.9540573266415195,2.199246650542518,0.0051059722900390625,1.5,91
Naive difference in means,3.055213462508776,2.7367466188622758,3.373680306155276,0.0,1.5,92
One-step (AIPW),2.2550233143643066,2.044814885344651,2.465231743383962,18.443454027175903,1.5,92
TMLE (unweighted),2.3826023477563307,2.214656174136967,2.5505485213756947,2.9967129230499268,1.5,92
TMLE (weighted),2.2591439953525185,2.054169412793604,2.464118577911433,0.020910024642944336,1.5,92
C-TMLE (greedy),2.134609343705506,2.002789783137375,2.266428904273637,90.99602198600769,1.5,92
C-TMLE (adaptive correlation),2.1394743198535653,2.00795641051438,2.2709922291927507,8.769028902053833,1.5,92
Oracle TMLE,2.0343561004847825,1.903015089227183,2.165697111742382,4.112975120544434,1.5,92
Naive difference in means,2.7868281385268965,2.4494971567276314,3.1241591203261616,0.0,1.5,93
One-step (AIPW),2.2128883900109124,1.7894428707144723,2.6363339093073526,0.019976139068603516,1.5,93
TMLE (unweighted),2.1046803586131806,1.7228408387848142,2.486519878441547,0.0049631595611572266,1.5,93
TMLE (weighted),2.187098643332188,1.7784340083865848,2.5957632782777913,0.004431009292602539,1.5,93
C-TMLE (greedy),1.9391238449434738,1.8036130547369051,2.0746346351500424,104.67558312416077,1.5,93
C-TMLE (adaptive correlation),1.9660223811444986,1.832552013474984,2.099492748814013,24.10341787338257,1.5,93
Oracle TMLE,1.9826099774334147,1.856330996690574,2.108888958176255,0.00421595573425293,1.5,93
Naive difference in means,2.6817398867827418,2.3542678315800036,3.00921194198548,0.0,1.5,94
One-step (AIPW),2.20677216347756,1.9942938665787566,2.419250460376363,0.0029909610748291016,1.5,94
TMLE (unweighted),2.3525042859267056,2.1375049031186397,2.5675036687347714,0.0043489933013916016,1.5,94
TMLE (weighted),2.2086410595409807,1.9984236083676157,2.4188585107143457,0.004232883453369141,1.5,94
C-TMLE (greedy),2.110180002233994,1.982427310197631,2.237932694270357,89.92043781280518,1.5,94
C-TMLE (adaptive correlation),2.1174773906835282,1.987204589148316,2.2477501922187404,7.300100088119507,1.5,94
Oracle TMLE,2.049548696222169,1.9191818231646476,2.1799155692796903,0.003997087478637695,1.5,94
Naive difference in means,2.672889491124103,2.3687087622085112,2.9770702200396943,0.0,1.5,95
One-step (AIPW),2.0732578850143946,1.8712804212328362,2.275235348795953,18.44343590736389,1.5,95
TMLE (unweighted),2.0798896106045404,1.8782541453374844,2.2815250758715964,2.9967260360717773,1.5,95
TMLE (weighted),2.0732605783996023,1.8713494052653505,2.275171751533854,0.021139144897460938,1.5,95
C-TMLE (greedy),2.093061349898151,1.9540891058536882,2.2320335939426137,409.89535999298096,1.5,95
C-TMLE (adaptive correlation),2.086906708034824,1.8859703320142736,2.2878430840553747,23.53398108482361,1.5,95
Oracle TMLE,1.9811784125655882,1.8497334926139817,2.112623332517195,0.004766941070556641,1.5,95
Naive difference in means,2.6613280554205985,2.3373322624729944,2.9853238483682025,0.0,1.5,96
One-step (AIPW),2.103715954149223,1.9152191151030402,2.292212793195406,0.003573894500732422,1.5,96
TMLE (unweighted),2.10829322167405,1.9193942824451882,2.297192160902912,0.005330801010131836,1.5,96
TMLE (weighted),2.1038098172417516,1.915275149090142,2.292344485393361,0.005238056182861328,1.5,96
C-TMLE (greedy),2.099633279907546,1.9719118184875952,2.227354741327497,44.50638794898987,1.5,96
C-TMLE (adaptive correlation),2.067395207846193,1.8975031690821689,2.237287246610217,13.245926856994629,1.5,96
Oracle TMLE,2.0368097656440503,1.9146991866797163,2.1589203446083842,0.004599094390869141,1.5,96
Naive difference in means,2.971302053923808,2.6345679821924026,3.3080361256552138,0.0,1.5,97
One-step (AIPW),2.0983563877963327,1.813055771709163,2.3836570038835023,0.003462076187133789,1.5,97
TMLE (unweighted),2.164110633940059,1.964006462127761,2.3642148057523573,0.0052030086517333984,1.5,97
TMLE (weighted),2.0992639830917024,1.8249671526332938,2.373560813550111,0.005172014236450195,1.5,97
C-TMLE (greedy),1.9805746452332529,1.8116280774167688,2.149521213049737,68.10360598564148,1.5,97
C-TMLE (adaptive correlation),1.9716130900099316,1.8329071492899365,2.1103190307299267,6.102535963058472,1.5,97
Oracle TMLE,1.9606636362231522,1.8287453506243412,2.0925819218219632,0.003957033157348633,1.5,97
Naive difference in means,3.0440216080538347,2.7125839301516415,3.375459285956028,0.0,1.5,98
One-step (AIPW),2.03350736592903,1.7465293194383478,2.320485412419712,18.443501949310303,1.5,98
TMLE (unweighted),1.9503534025042453,1.6574462126980236,2.2432605923104667,2.9966979026794434,1.5,98
TMLE (weighted),2.0323614111312818,1.7451618225896808,2.3195609996728828,0.020902156829833984,1.5,98
C-TMLE (greedy),2.079327720276864,1.9191636901890574,2.2394917503646705,183.78517603874207,1.5,98
C-TMLE (adaptive correlation),2.0552623084985244,1.9123680041571125,2.198156612839936,43.579957008361816,1.5,98
Oracle TMLE,2.049516733095324,1.9154172217602272,2.183616244430421,0.004647970199584961,1.5,98
Naive difference in means,2.8686933715967733,2.544507677760528,3.1928790654330186,0.0,1.5,99
One-step (AIPW),1.901831752491078,1.6972954935736582,2.106368011408498,0.003468036651611328,1.5,99
TMLE (unweighted),1.8315409313526094,1.6395541438879042,2.0235277188173146,0.005175113677978516,1.5,99
TMLE (weighted),1.9002251268134105,1.6979892304436293,2.1024610231831917,0.005074024200439453,1.5,99
C-TMLE (greedy),1.962965032323822,1.831413923410272,2.0945161412373716,145.7300238609314,1.5,99
C-TMLE (adaptive correlation),1.9002251268134105,1.6979892304436293,2.1024610231831917,21.293450117111206,1.5,99
Oracle TMLE,2.0067754851596726,1.8783338749414886,2.1352170953778566,0.004249095916748047,1.5,99
Naive difference in means,2.5638450350967883,2.24519922538936,2.8824908448042166,0.0,1.5,100
One-step (AIPW),1.8877244701323543,1.7255148097724726,2.049934130492236,0.0029959678649902344,1.5,100
TMLE (unweighted),1.8393678929386132,1.6760755560489584,2.002660229828268,0.004395008087158203,1.5,100
TMLE (weighted),1.8862007923780502,1.7240425674271729,2.0483590173289272,0.0046079158782958984,1.5,100
C-TMLE (greedy),1.9259132472276765,1.800513838741646,2.051312655713707,40.77846312522888,1.5,100
C-TMLE (adaptive correlation),1.8994606810386523,1.7764269537913038,2.0224944082860006,13.852221965789795,1.5,100
Oracle TMLE,1.895492572713522,1.7742974941196676,2.016687651307376,0.0045778751373291016,1.5,100
Naive difference in means,2.5507707050753963,2.236878424750818,2.8646629853999745,0.0,2.0,1
One-step (AIPW),1.9611627597589343,1.7656007326736538,2.1567247868442148,19.79983878135681,2.0,1
TMLE (unweighted),2.4664226269496545,2.2258430826404014,2.7070021712589076,3.131657123565674,2.0,1
TMLE (weighted),1.9677865653443656,1.7739980269359745,2.1615751037527566,0.008964061737060547,2.0,1
C-TMLE (greedy),1.8919622504127724,1.7583652233861333,2.0255592774394118,346.56624579429626,2.0,1
C-TMLE (adaptive correlation),1.8816140651742261,1.7420753597452425,2.02115277060321,17.27982997894287,2.0,1
Oracle TMLE,1.9429532382495704,1.8172469593768976,2.0686595171222435,0.004528999328613281,2.0,1
Naive difference in means,2.7383779956235665,2.4042882061833364,3.0724677850637967,0.0,2.0,2
One-step (AIPW),2.028856909524915,1.8170333763714253,2.2406804426784053,0.0031659603118896484,2.0,2
TMLE (unweighted),1.0711090349560746,-0.023653583801278133,2.1658716537134275,0.0046939849853515625,2.0,2
TMLE (weighted),2.027539688245484,1.8170649362010316,2.2380144402899367,0.00510716438293457,2.0,2
C-TMLE (greedy),2.080235293448149,1.9484148424457288,2.212055744450569,94.6376280784607,2.0,2
C-TMLE (adaptive correlation),2.1355626638471144,1.9629694873384855,2.3081558403557434,17.977182149887085,2.0,2
Oracle TMLE,2.0140613185873937,1.8879701593461362,2.140152477828651,0.004317045211791992,2.0,2
Naive difference in means,2.6790666822440574,2.3428205101365407,3.015312854351574,0.0,2.0,3
One-step (AIPW),1.9575671749995265,1.759232631813389,2.155901718185664,0.003083944320678711,2.0,3
TMLE (unweighted),1.832341757024725,1.5765052572564282,2.0881782567930216,0.004541873931884766,2.0,3
TMLE (weighted),1.957122405386997,1.7572843401919593,2.156960470582035,0.0044171810150146484,2.0,3
C-TMLE (greedy),1.976449358918203,1.8516279249016594,2.1012707929347467,97.49100017547607,2.0,3
C-TMLE (adaptive correlation),1.9649808154921113,1.814412693410576,2.1155489375736467,4.54080605506897,2.0,3
Oracle TMLE,2.022316764012185,1.8948635859885798,2.1497699420357903,0.003993034362792969,2.0,3
Naive difference in means,2.7274444016453376,2.416797867801592,3.0380909354890835,0.0,2.0,4
One-step (AIPW),2.12244985673548,1.9605554630081292,2.284344250462831,0.002916097640991211,2.0,4
TMLE (unweighted),3.0282129094724515,2.660801959269505,3.395623859675398,0.0042650699615478516,2.0,4
TMLE (weighted),2.130624528231806,1.9714457484903913,2.2898033079732203,0.004204988479614258,2.0,4
C-TMLE (greedy),1.9996944723513643,1.8721465052963056,2.127242439406423,70.1031448841095,2.0,4
C-TMLE (adaptive correlation),2.009633136092213,1.8747809966635718,2.1444852755208546,11.137119054794312,2.0,4
Oracle TMLE,2.0281238956652587,1.9053788444288182,2.1508689469016993,0.003961086273193359,2.0,4
Naive difference in means,2.744172680848972,2.43123254396986,3.0571128177280844,0.0,2.0,5
One-step (AIPW),2.0478607041479266,1.799721330548322,2.2960000777475313,17.616677045822144,2.0,5
TMLE (unweighted),3.925479636702394,1.327319970130235,6.523639303274553,3.1316778659820557,2.0,5
TMLE (weighted),2.0540972078293414,1.8114336545937983,2.2967607610648844,0.00896906852722168,2.0,5
C-TMLE (greedy),1.9245075658950503,1.7759045310392654,2.0731106007508355,546.531336069107,2.0,5
C-TMLE (adaptive correlation),1.9226758419629233,1.8001332726130372,2.0452184113128093,23.292967081069946,2.0,5
Oracle TMLE,2.0375643855597314,1.914046340834058,2.1610824302854046,0.006501913070678711,2.0,5
Naive difference in means,2.710758569583036,2.3841108685727166,3.0374062705933556,0.0,2.0,6
One-step (AIPW),2.2031412718961327,1.980851117845024,2.4254314259472416,0.00445103645324707,2.0,6
TMLE (unweighted),2.346394277516557,2.1193957432892274,2.5733928117438865,0.006067991256713867,2.0,6
TMLE (weighted),2.2037377938059763,1.9827805917460397,2.424694995865913,0.006676197052001953,2.0,6
C-TMLE (greedy),2.119913679425261,1.9680366756865033,2.2717906831640184,97.72387909889221,2.0,6
C-TMLE (adaptive correlation),2.1369673986333746,2.00005023969249,2.273884557574259,4.462558031082153,2.0,6
Oracle TMLE,2.0800851403089604,1.950941292586028,2.2092289880318927,0.004116058349609375,2.0,6
Naive difference in means,2.7508777579347963,2.421424077572598,3.0803314382969944,0.0,2.0,7
One-step (AIPW),2.1570582057717895,1.8657795208843808,2.4483368906591982,0.002946138381958008,2.0,7
TMLE (unweighted),2.80887613478813,1.9086084594759516,3.7091438101003087,0.004378080368041992,2.0,7
TMLE (weighted),2.1527069859476033,1.8714775591225543,2.4339364127726526,0.004328012466430664,2.0,7
C-TMLE (greedy),2.0664818689262616,1.9089394868938725,2.2240242509586508,26.333096027374268,2.0,7
C-TMLE (adaptive correlation),2.056502413935078,1.9390335388942748,2.173971288975881,3.3163599967956543,2.0,7
Oracle TMLE,2.107898329569247,1.9875627797037931,2.228233879434701,0.0043299198150634766,2.0,7
Naive difference in means,2.7847045944207047,2.455467673506644,3.1139415153347656,0.0,2.0,8
One-step (AIPW),1.7035344553977787,1.1567432596871268,2.2503256511084304,17.61892819404602,2.0,8
TMLE (unweighted),1.3744876367297794,0.8404258982875327,1.9085493751720262,3.1316521167755127,2.0,8
TMLE (weighted),1.7268673853632541,1.2273482343098028,2.2263865364167055,0.00893712043762207,2.0,8
C-TMLE (greedy),1.9891254761903685,1.8550786908824828,2.1231722614982544,332.8013780117035,2.0,8
C-TMLE (adaptive correlation),1.9780434491484007,1.8222317553053382,2.133855142991463,17.636831998825073,2.0,8
Oracle TMLE,2.049021081501978,1.923379841341036,2.1746623216629195,0.004136085510253906,2.0,8
Naive difference in means,2.9088752967977936,2.596512801674278,3.2212377919213093,0.0,2.0,9
One-step (AIPW),2.03731172254606,1.8044918428844512,2.270131602207669,0.0029888153076171875,2.0,9
TMLE (unweighted),1.6512616727351053,1.3211507160168012,1.9813726294534093,0.00492405891418457,2.0,9
TMLE (weighted),2.0342484186802046,1.80206177366068,2.266435063699729,0.004909992218017578,2.0,9
C-TMLE (greedy),2.1309648766140104,1.9920356194822593,2.2698941337457614,65.29888892173767,2.0,9
C-TMLE (adaptive correlation),2.080600189132313,1.9541416638299964,2.2070587144346296,5.031808853149414,2.0,9
Oracle TMLE,2.0859521315608247,1.9565815342739188,2.2153227288477306,0.004238128662109375,2.0,9
Naive difference in means,2.8990497031777824,2.5758982616072,3.222201144748365,0.0,2.0,10
One-step (AIPW),1.8721015930586322,1.5306147280898512,2.213588458027413,0.0031418800354003906,2.0,10
TMLE (unweighted),1.7809402871373021,1.444340814146747,2.117539760127857,0.004576206207275391,2.0,10
TMLE (weighted),1.8715216349899875,1.5313553799580037,2.211687890021971,0.00448298454284668,2.0,10
C-TMLE (greedy),1.8715216349899875,1.5313553799580037,2.211687890021971,85.92267894744873,2.0,10
C-TMLE (adaptive correlation),1.8715216349899872,1.5313553799580037,2.2116878900219707,18.393826007843018,2.0,10
Oracle TMLE,1.9109622407624316,1.7837274063342312,2.0381970751906318,0.0050048828125,2.0,10
Naive difference in means,2.716851137224399,2.3884364324584193,3.045265841990379,0.0,2.0,11
One-step (AIPW),2.180941425306986,2.0047702536165897,2.357112596997382,20.04536509513855,2.0,11
TMLE (unweighted),4.102641759908383,3.1089327545491052,5.09635076526766,2.8863589763641357,2.0,11
TMLE (weighted),2.191159519814478,2.0172020178144763,2.3651170218144797,0.010225057601928711,2.0,11
C-TMLE (greedy),2.161389660699966,1.9972625514131035,2.3255167699868284,110.47474718093872,2.0,11
C-TMLE (adaptive correlation),2.1579833491599,1.988947799518923,2.3270188988008766,16.02982497215271,2.0,11
Oracle TMLE,2.0576670758375877,1.9286740930879862,2.186660058587189,0.004851102828979492,2.0,11
Naive difference in means,2.517253866299543,2.1854639067354698,2.849043825863616,0.0,2.0,12
One-step (AIPW),2.1093242327283637,1.7929935782444517,2.4256548872122754,0.0035979747772216797,2.0,12
TMLE (unweighted),4.397545254946036,2.8715333562943783,5.923557153597693,0.005697965621948242,2.0,12
TMLE (weighted),2.1202078382645118,1.82736995277638,2.4130457237526435,0.005912065505981445,2.0,12
C-TMLE (greedy),1.9091585673940454,1.7485547963295442,2.0697623384585464,90.99949598312378,2.0,12
C-TMLE (adaptive correlation),1.8907806067214368,1.7618955449465032,2.01966566849637,11.031962156295776,2.0,12
Oracle TMLE,1.8793524276700282,1.7460618335022673,2.012643021837789,0.004105091094970703,2.0,12
Naive difference in means,2.9128634176688997,2.585222827016765,3.240504008321034,0.0,2.0,13
One-step (AIPW),2.18645308902343,2.0088978191186837,2.3640083589281766,0.0029900074005126953,2.0,13
TMLE (unweighted),4.8317492949075085,3.4158403369897616,6.247658252825255,0.004315853118896484,2.0,13
TMLE (weighted),2.1953757478347495,2.01899703610966,2.371754459559839,0.00426793098449707,2.0,13
C-TMLE (greedy),2.103275593321596,1.9804176185062476,2.226133568136944,78.812744140625,2.0,13
C-TMLE (adaptive correlation),2.1067981349333067,1.9875621945626087,2.2260340753040047,4.66955304145813,2.0,13
Oracle TMLE,2.0865367396161534,1.9606409100029365,2.21243256922937,0.005421876907348633,2.0,13
Naive difference in means,2.6576894334829007,2.327232765051159,2.9881461019146425,0.0,2.0,14
One-step (AIPW),2.1024434664724083,1.9432031419352565,2.26168379100956,19.799826860427856,2.0,14
TMLE (unweighted),2.9687587447525376,2.523886150623533,3.4136313388815425,3.131640911102295,2.0,14
TMLE (weighted),2.110190980365196,1.9526047337504517,2.26777722697994,0.008964061737060547,2.0,14
C-TMLE (greedy),2.0259223421433807,1.8997634265337173,2.152081257753044,392.82859897613525,2.0,14
C-TMLE (adaptive correlation),2.029111770328669,1.9050944003704333,2.153129140286905,16.377631187438965,2.0,14
Oracle TMLE,1.9816568040566627,1.8557953717187803,2.107518236394545,0.004347085952758789,2.0,14
Naive difference in means,2.6857660074138403,2.3554587925704222,3.0160732222572584,0.0,2.0,15
One-step (AIPW),2.11144058221744,1.8412394950769602,2.38164166935792,0.0030930042266845703,2.0,15
TMLE (unweighted),11.162675221601546,1.3915744367034097,20.933776006499684,0.0043811798095703125,2.0,15
TMLE (weighted),2.1210809932079058,1.8623388764716173,2.379823109944194,0.0049059391021728516,2.0,15
C-TMLE (greedy),1.9194235197652272,1.7537940539524395,2.085052985578015,125.0397219657898,2.0,15
C-TMLE (adaptive correlation),1.9624740251077877,1.821457147571786,2.1034909026437894,4.471657991409302,2.0,15
Oracle TMLE,1.992793287486296,1.8684935947116534,2.117092980260938,0.004003047943115234,2.0,15
Naive difference in means,2.823361248528852,2.498156329687409,3.1485661673702947,0.0,2.0,16
One-step (AIPW),2.094566554147592,1.8392493375090575,2.3498837707861266,0.044708967208862305,2.0,16
TMLE (unweighted),2.7368127710312393,2.409616045301483,3.0640094967609954,0.004416942596435547,2.0,16
TMLE (weighted),2.1004346649256296,1.8524523450558303,2.3484169847954286,0.004238128662109375,2.0,16
C-TMLE (greedy),2.0313095531419276,1.9001467606062437,2.1624723456776116,55.93958497047424,2.0,16
C-TMLE (adaptive correlation),2.0236974304728523,1.8992851908292325,2.1481096701164724,6.6741180419921875,2.0,16
Oracle TMLE,2.047393692771911,1.9200315829525736,2.1747558025912483,0.0038690567016601562,2.0,16
Naive difference in means,2.9340426650286258,2.6107180715932854,3.257367258463966,0.0,2.0,17
One-step (AIPW),2.610573154146528,1.4306158707869223,3.790530437506134,17.802037000656128,2.0,17
TMLE (unweighted),2.4136041973709053,1.9827216167125497,2.844486778029261,2.8826088905334473,2.0,17
TMLE (weighted),2.5089866214806507,1.5492696224526772,3.468703620508624,0.009184837341308594,2.0,17
C-TMLE (greedy),2.1219932634436653,1.9948683594977883,2.2491181673895424,481.3347518444061,2.0,17
C-TMLE (adaptive correlation),2.1215683775676153,1.9938756188044278,2.249261136330803,18.58333706855774,2.0,17
Oracle TMLE,2.115220253128256,1.9849183015256395,2.2455222047308725,0.004163026809692383,2.0,17
Naive difference in means,2.5207841252248895,2.200727937263721,2.840840313186058,0.0,2.0,18
One-step (AIPW),2.1618995830907366,1.7694109261613078,2.5543882400201654,0.0030138492584228516,2.0,18
TMLE (unweighted),2.7043456493686944,2.300437361542023,3.1082539371953657,0.0044820308685302734,2.0,18
TMLE (weighted),2.164341664624059,1.7877923677509564,2.540890961497162,0.004436969757080078,2.0,18
C-TMLE (greedy),2.049202273976328,1.9120000220825653,2.186404525870091,96.16356897354126,2.0,18
C-TMLE (adaptive correlation),2.0710557123717424,1.7858303387385726,2.356281086004912,18.283602952957153,2.0,18
Oracle TMLE,2.0068888336243567,1.882086483512625,2.1316911837360886,0.004806041717529297,2.0,18
Naive difference in means,2.865821180367871,2.5499020061658935,3.181740354569848,0.0,2.0,19
One-step (AIPW),2.0686348560028036,1.7789925815802101,2.3582771304253973,0.003618001937866211,2.0,19
TMLE (unweighted),2.8375447685763415,2.3244303058364615,3.3506592313162216,0.005254983901977539,2.0,19
TMLE (weighted),2.0710623451746355,1.7821927044189207,2.3599319859303503,0.005079984664916992,2.0,19
C-TMLE (greedy),2.007555101194206,1.8613743248246375,2.1537358775637743,53.6620078086853,2.0,19
C-TMLE (adaptive correlation),1.981916764683715,1.856230966702738,2.107602562664692,4.512377977371216,2.0,19
Oracle TMLE,2.0440751183366905,1.9137161798686946,2.1744340568046865,0.0041120052337646484,2.0,19
Naive difference in means,2.347555187607422,2.030478155824686,2.6646322193901577,0.0,2.0,20
One-step (AIPW),1.90142243526138,1.7176024140160584,2.0852424565067014,19.800188064575195,2.0,20
TMLE (unweighted),1.97477141978535,1.7802247194439458,2.1693181201267544,3.131633996963501,2.0,20
TMLE (weighted),1.9012750507475358,1.7189543237294722,2.0835957777655993,0.010214090347290039,2.0,20
C-TMLE (greedy),1.8374991497202795,1.6966814707017912,1.9783168287387678,141.33157205581665,2.0,20
C-TMLE (adaptive correlation),1.8039176402328008,1.618958671325225,1.9888766091403765,22.704797983169556,2.0,20
Oracle TMLE,1.921415964910459,1.7955511386809595,2.047280791139958,0.0045320987701416016,2.0,20
Naive difference in means,2.834448727165827,2.5064967131715346,3.16240074116012,0.0,2.0,21
One-step (AIPW),1.8728119841927502,1.6376349564626353,2.1079890119228653,0.0030639171600341797,2.0,21
TMLE (unweighted),0.39112466260143275,-0.2141625344769249,0.9964118596797904,0.004495143890380859,2.0,21
TMLE (weighted),1.858280419398988,1.628657993360129,2.0879028454378465,0.004547119140625,2.0,21
C-TMLE (greedy),2.0419579873857923,1.8997974226633758,2.1841185521082087,113.76351308822632,2.0,21
C-TMLE (adaptive correlation),1.9768917061752365,1.826042472341095,2.1277409400093776,8.267294883728027,2.0,21
Oracle TMLE,2.1036707542994506,1.97369527489088,2.233646233708021,0.004538059234619141,2.0,21
Naive difference in means,2.8719259955965173,2.5379901364092756,3.205861854783759,0.0,2.0,22
One-step (AIPW),2.241525782234669,2.0681275136099946,2.414924050859343,0.003086090087890625,2.0,22
TMLE (unweighted),3.097908936066502,2.5563036656324662,3.6395142065005377,0.004506111145019531,2.0,22
TMLE (weighted),2.2446065048671344,2.07689690300451,2.412316106729759,0.0043599605560302734,2.0,22
C-TMLE (greedy),2.1223029567561147,1.993576724284129,2.2510291892281007,186.83789992332458,2.0,22
C-TMLE (adaptive correlation),2.1471153705650994,2.004159892626166,2.290070848504033,99.06318306922913,2.0,22
Oracle TMLE,2.117902249067802,1.9886761104207067,2.247128387714897,0.004936933517456055,2.0,22
Naive difference in means,2.5800716829459867,2.261329760998469,2.8988136048935043,0.0,2.0,23
One-step (AIPW),1.8718054992062154,1.6551714976846346,2.0884395007277963,19.800183057785034,2.0,23
TMLE (unweighted),0.6183904862171179,-1.2261755918582486,2.4629565642924844,3.1316301822662354,2.0,23
TMLE (weighted),1.8706108624941542,1.6597415061994791,2.0814802187888293,0.010214090347290039,2.0,23
C-TMLE (greedy),1.9684538943883876,1.8359052537763767,2.1010025350003985,78.09455704689026,2.0,23
C-TMLE (adaptive correlation),1.9862232658149912,1.8207294860845926,2.15171704554539,24.91250491142273,2.0,23
Oracle TMLE,1.9675083082815357,1.8442023379054284,2.090814278657643,2.89518404006958,2.0,23
Naive difference in means,2.525052264264108,2.2128265572166805,2.8372779713115355,0.0,2.0,24
One-step (AIPW),1.9421784401921922,1.7651877998213907,2.119169080562994,0.004115104675292969,2.0,24
TMLE (unweighted),1.4280301358615923,0.998634887247519,1.8574253844756656,0.004625797271728516,2.0,24
TMLE (weighted),1.9384250789414637,1.7639704102727667,2.112879747610161,0.004433870315551758,2.0,24
C-TMLE (greedy),2.0678631693299248,1.920865703256161,2.2148606354036886,71.24990701675415,2.0,24
C-TMLE (adaptive correlation),2.0148768827198746,1.896072910119745,2.133680855320004,5.507639169692993,2.0,24
Oracle TMLE,1.964147009764636,1.8423915127805195,2.0859025067487527,0.0043032169342041016,2.0,24
Naive difference in means,2.4844332272705603,2.1537522890663796,2.815114165474741,0.0,2.0,25
One-step (AIPW),2.140511752468035,1.8019657848394928,2.4790577200965775,0.0030150413513183594,2.0,25
TMLE (unweighted),2.7081780770565618,2.304866535213905,3.1114896188992187,0.0044820308685302734,2.0,25
TMLE (weighted),2.1444934343211552,1.8130028875575475,2.475983981084763,0.0043468475341796875,2.0,25
C-TMLE (greedy),1.9989195826888577,1.8554070168526202,2.1424321485250952,74.92242097854614,2.0,25
C-TMLE (adaptive correlation),2.019848424747856,1.893198003113031,2.146498846382681,10.470263004302979,2.0,25
Oracle TMLE,1.9782253584009386,1.8516407084096498,2.1048100083922274,0.0045261383056640625,2.0,25
Naive difference in means,2.5201086387832703,2.1935616420083974,2.846655635558143,0.0,2.0,26
One-step (AIPW),1.5139814926246236,0.6228785107301784,2.405084474519069,19.1462140083313,2.0,26
TMLE (unweighted),0.9045118620183737,0.13059265986822732,1.67843106416852,3.095716953277588,2.0,26
TMLE (weighted),1.5241950205502184,0.7559417136513349,2.292448327449102,0.025426149368286133,2.0,26
C-TMLE (greedy),1.923648424706209,1.7896462484404825,2.057650600971935,143.75347900390625,2.0,26
C-TMLE (adaptive correlation),1.9106236904910066,1.776625703006977,2.0446216779750364,21.754719972610474,2.0,26
Oracle TMLE,1.8843502448243545,1.7613560730913118,2.0073444165573973,0.0041048526763916016,2.0,26
Naive difference in means,2.47325391911295,2.145809158466892,2.800698679759008,0.0,2.0,27
One-step (AIPW),2.0155271798441525,1.7468801049693368,2.2841742547189683,0.003854990005493164,2.0,27
TMLE (unweighted),2.434429429936319,2.0784511899356297,2.7904076699370086,0.004569053649902344,2.0,27
TMLE (weighted),2.0163426367696164,1.7538055044585732,2.2788797690806595,0.004323005676269531,2.0,27
C-TMLE (greedy),1.833050623287887,1.6917986924861075,1.9743025540896664,187.2731418609619,2.0,27
C-TMLE (adaptive correlation),1.8303587859955779,1.674737616228588,1.9859799557625677,14.5054030418396,2.0,27
Oracle TMLE,1.8527999989767214,1.7222458037785293,1.9833541941749135,0.004636049270629883,2.0,27
Naive difference in means,2.639475482227926,2.3288890607593666,2.9500619036964855,0.0,2.0,28
One-step (AIPW),1.821163854446693,1.4499389610919045,2.192388747801482,0.003773927688598633,2.0,28
TMLE (unweighted),1.3351266021423636,0.7957308241034443,1.8745223801812827,0.00444483757019043,2.0,28
TMLE (weighted),1.8193577057672965,1.4724972164976813,2.1662181950369117,0.004271984100341797,2.0,28
C-TMLE (greedy),2.0473116244859577,1.8839384380526374,2.210684810919278,253.33773112297058,2.0,28
C-TMLE (adaptive correlation),2.0541476359016593,1.8855402544767208,2.2227550173265977,44.924803018569946,2.0,28
Oracle TMLE,2.10557514985755,1.9824089817273836,2.228741317987716,0.004662036895751953,2.0,28
Naive difference in means,2.4094689236353517,2.0883197608493584,2.730618086421345,0.0,2.0,29
One-step (AIPW),2.2216145347936527,2.046436711660941,2.396792357926364,0.003659963607788086,2.0,29
TMLE (unweighted),4.929343799284412,2.3950649450684054,7.463622653500419,0.004350900650024414,2.0,29
TMLE (weighted),2.235514111211769,2.063814354720203,2.407213867703335,0.0042150020599365234,2.0,29
C-TMLE (greedy),2.0714395396301017,1.9193125509773852,2.2235665282828183,24.207798957824707,2.0,29
C-TMLE (adaptive correlation),2.1108560872510065,1.9901461276006758,2.231566046901337,4.29725980758667,2.0,29
Oracle TMLE,1.9790246694149327,1.8569668945564546,2.101082444273411,0.004071950912475586,2.0,29
Naive difference in means,2.636124704436225,2.299265036123676,2.972984372748774,0.0,2.0,30
One-step (AIPW),2.094348922330034,1.8677542844387731,2.3209435602212944,19.146235942840576,2.0,30
TMLE (unweighted),2.6515307148741565,2.1574701693788536,3.1455912603694594,3.0957648754119873,2.0,30
TMLE (weighted),2.0902192566683206,1.8737010301774883,2.306737483159153,0.026234865188598633,2.0,30
C-TMLE (greedy),1.9141347394465407,1.7817781468094438,2.0464913320836375,405.7137839794159,2.0,30
C-TMLE (adaptive correlation),1.9148427061956914,1.7827703662025924,2.0469150461887904,13.015025854110718,2.0,30
Oracle TMLE,1.9310994282069986,1.8060294344969283,2.056169421917069,0.004158973693847656,2.0,30
Naive difference in means,2.7500273043871624,2.424892450657513,3.075162158116812,0.0,2.0,31
One-step (AIPW),1.9970190123914642,1.7890992306738496,2.204938794109079,0.0036361217498779297,2.0,31
TMLE (unweighted),2.2242424799226255,1.9926910502773831,2.455793909567868,0.004560947418212891,2.0,31
TMLE (weighted),1.9986262895426994,1.7915119578574341,2.2057406212279647,0.004332065582275391,2.0,31
C-TMLE (greedy),1.9920502246086536,1.8341259418237983,2.149974507393509,99.95638298988342,2.0,31
C-TMLE (adaptive correlation),1.980850909026874,1.818567795944597,2.143134022109151,15.2244291305542,2.0,31
Oracle TMLE,2.030949929386594,1.908077277022579,2.153822581750609,0.003913164138793945,2.0,31
Naive difference in means,2.9480245193751116,2.6119669248332973,3.284082113916926,0.0,2.0,32
One-step (AIPW),2.170601958656178,1.9767503099380546,2.364453607374301,0.0040740966796875,2.0,32
TMLE (unweighted),2.216176852160888,2.0369801370973275,2.3953735672244485,0.004712104797363281,2.0,32
TMLE (weighted),2.1688168523355724,1.9795613910913077,2.358072313579837,0.0043451786041259766,2.0,32
C-TMLE (greedy),2.0916594346298596,1.9326943115517308,2.2506245577079884,71.0345950126648,2.0,32
C-TMLE (adaptive correlation),2.1074322088660793,1.9860351758389667,2.228829241893192,6.988781929016113,2.0,32
Oracle TMLE,2.033132145666847,1.9092731591504313,2.156991132183263,0.004192829132080078,2.0,32
Naive difference in means,2.7456823680720515,2.417860446163112,3.073504289980991,0.0,2.0,33
One-step (AIPW),1.9930593267178338,1.7163470078412066,2.269771645594461,19.146252155303955,2.0,33
TMLE (unweighted),1.807350166075096,1.5541471825836664,2.0605531495665255,3.0957648754119873,2.0,33
TMLE (weighted),1.9925869156863314,1.7211573400028726,2.2640164913697904,0.02624201774597168,2.0,33
C-TMLE (greedy),2.1169034353559764,1.95186586287913,2.2819410078328226,392.7120170593262,2.0,33
C-TMLE (adaptive correlation),2.0905058406202826,1.943164273469272,2.237847407771293,10.529407978057861,2.0,33
Oracle TMLE,2.062838916169972,1.9363232515410254,2.189354580798919,0.004556894302368164,2.0,33
Naive difference in means,2.511300290915479,2.1919473629720256,2.8306532188589326,0.0,2.0,34
One-step (AIPW),1.731549886849954,1.4778803026171765,1.9852194710827313,0.0036809444427490234,2.0,34
TMLE (unweighted),-0.22998467892585703,-1.2453679505191608,0.7853985926674467,0.004968881607055664,2.0,34
TMLE (weighted),1.7210504888111537,1.4748134991106818,1.9672874785116257,0.004665851593017578,2.0,34
C-TMLE (greedy),1.8652777327584888,1.7025842501709703,2.027971215346007,112.59730291366577,2.0,34
C-TMLE (adaptive correlation),1.880816717735933,1.7623708504988134,1.9992625849730525,9.039074897766113,2.0,34
Oracle TMLE,1.9916461260044416,1.8705349115104672,2.112757340498416,0.004914045333862305,2.0,34
Naive difference in means,2.8296602942786886,2.5034266309003685,3.1558939576570086,0.0,2.0,35
One-step (AIPW),2.1357458091165022,1.9824751316318414,2.289016486601163,0.004101991653442383,2.0,35
TMLE (unweighted),2.281776386387125,2.1168092579504085,2.446743514823842,0.00461888313293457,2.0,35
TMLE (weighted),2.1365691173900734,1.9833195598348712,2.2898186749452756,0.004381895065307617,2.0,35
C-TMLE (greedy),2.135352578521844,2.0084689520283594,2.2622362050153284,62.006481885910034,2.0,35
C-TMLE (adaptive correlation),2.1420659862056937,1.9978527481465715,2.286279224264816,6.325913906097412,2.0,35
Oracle TMLE,2.0320713544990245,1.9010950304557257,2.1630476785423234,0.00420689582824707,2.0,35
Naive difference in means,2.7118613450783977,2.3760527576811423,3.047669932475653,0.0,2.0,36
One-step (AIPW),2.183666943380837,1.9730705198118086,2.3942633669498656,19.14623999595642,2.0,36
TMLE (unweighted),2.0969606183092204,1.894482650554667,2.299438586063774,3.095775842666626,2.0,36
TMLE (weighted),2.1827714421654134,1.9733780909873038,2.392164793343523,0.0262298583984375,2.0,36
C-TMLE (greedy),2.218651448279819,2.0826014000956947,2.3547014964639432,416.1379680633545,2.0,36
C-TMLE (adaptive correlation),2.1826172444535024,2.043865488025719,2.3213690008812855,18.99104404449463,2.0,36
Oracle TMLE,2.136692743179869,2.0091503625833265,2.264235123776411,0.0049059391021728516,2.0,36
Naive difference in means,2.3607931819475545,2.043406742309401,2.678179621585708,0.0,2.0,37
One-step (AIPW),1.7672584582048365,1.59209571304006,1.942421203369613,0.004129171371459961,2.0,37
TMLE (unweighted),0.15087814063013708,-1.0181662072551347,1.319922488515409,0.004786968231201172,2.0,37
TMLE (weighted),1.7621736678456084,1.5873715578493481,1.9369757778418686,0.0044019222259521484,2.0,37
C-TMLE (greedy),1.8143289074889586,1.6943758689486768,1.9342819460292404,115.79440903663635,2.0,37
C-TMLE (adaptive correlation),1.813236814912445,1.694489774655402,1.931983855169488,21.491881847381592,2.0,37
Oracle TMLE,1.8615696983614718,1.7412506300853459,1.9818887666375977,0.004498004913330078,2.0,37
Naive difference in means,2.744251884385981,2.413844871275066,3.0746588974968962,0.0,2.0,38
One-step (AIPW),2.0172465979554066,1.8352232978432834,2.19926989806753,0.003939151763916016,2.0,38
TMLE (unweighted),2.5483959202204813,2.248817811022671,2.8479740294182916,0.004641056060791016,2.0,38
TMLE (weighted),2.023502439975544,1.8483320890984167,2.1986727908526715,0.0043621063232421875,2.0,38
C-TMLE (greedy),1.881936297682919,1.7586201205470031,2.005252474818835,36.19572997093201,2.0,38
C-TMLE (adaptive correlation),1.853800015150824,1.6871003893009437,2.020499641000704,6.262993097305298,2.0,38
Oracle TMLE,1.990641498199995,1.8677357622577149,2.113547234142275,0.0039021968841552734,2.0,38
Naive difference in means,2.690406459145464,2.3724061157379928,3.0084068025529356,0.0,2.0,39
One-step (AIPW),1.9753929108679118,1.8281712339990654,2.1226145877367584,19.14617919921875,2.0,39
TMLE (unweighted),1.5818401322495939,1.3823171094673197,1.781363155031868,3.0957329273223877,2.0,39
TMLE (weighted),1.970241484588133,1.8247574831367843,2.115725486039482,0.025428056716918945,2.0,39
C-TMLE (greedy),2.0547738825465576,1.929263376070923,2.180284389022192,123.80593609809875,2.0,39
C-TMLE (adaptive correlation),2.034802620884265,1.9082510936733803,2.1613541480951497,12.557780027389526,2.0,39
Oracle TMLE,2.012435218109743,1.8920431747250595,2.132827261494427,0.0049970149993896484,2.0,39
Naive difference in means,2.5524622044948844,2.22495110531738,2.8799733036723887,0.0,2.0,40
One-step (AIPW),1.8655932240425714,1.6438860802349229,2.08730036785022,0.003609895706176758,2.0,40
TMLE (unweighted),1.391498338702264,1.0090014463413863,1.7739952310631415,0.0046939849853515625,2.0,40
TMLE (weighted),1.8609179614075428,1.6409179631519129,2.080917959663173,0.004477024078369141,2.0,40
C-TMLE (greedy),1.9439381869867667,1.8027954901405678,2.0850808838329655,108.8547101020813,2.0,40
C-TMLE (adaptive correlation),1.9227098291224247,1.75743315614598,2.0879865020988695,22.05852508544922,2.0,40
Oracle TMLE,2.084383410374569,1.95636084342344,2.2124059773256977,0.004240989685058594,2.0,40
Naive difference in means,2.6032980672183945,2.2669455625199184,2.9396505719168706,0.0,2.0,41
One-step (AIPW),2.167126681994836,1.867273978033257,2.4669793859564146,0.0030710697174072266,2.0,41
TMLE (unweighted),3.630578747690658,2.9888110611755963,4.27234643420572,0.004455089569091797,2.0,41
TMLE (weighted),2.176607181222945,1.8810514802826164,2.472162882163273,0.00439906120300293,2.0,41
C-TMLE (greedy),2.0409921449810757,1.8609685277209211,2.2210157622412305,91.36209297180176,2.0,41
C-TMLE (adaptive correlation),2.067049103516793,1.7813066357503724,2.3527915712832135,18.15555500984192,2.0,41
Oracle TMLE,1.9983873092324265,1.8776819996613245,2.119092618803528,0.0047719478607177734,2.0,41
Naive difference in means,2.365338259106814,2.040637557757388,2.6900389604562402,0.0,2.0,42
One-step (AIPW),1.8882745121899958,1.7144499827132773,2.0620990416667144,19.1461820602417,2.0,42
TMLE (unweighted),2.0233060587123934,1.8410991218373094,2.2055129955874775,3.0957369804382324,2.0,42
TMLE (weighted),1.8899779798011815,1.7164446831932667,2.063511276409096,0.02542901039123535,2.0,42
C-TMLE (greedy),1.8527968846504304,1.7208594034005529,1.9847343659003078,128.52740001678467,2.0,42
C-TMLE (adaptive correlation),1.8633687093757507,1.7376738606156277,1.9890635581358738,8.268397092819214,2.0,42
Oracle TMLE,1.9066492991788355,1.7815106010831088,2.031787997274562,0.0038950443267822266,2.0,42
Naive difference in means,2.7621130945025247,2.440026472619966,3.0841997163850836,0.0,2.0,43
One-step (AIPW),2.402435820663689,2.0746253575641203,2.730246283763258,0.0035059452056884766,2.0,43
TMLE (unweighted),4.6295232682419645,2.5978538137983715,6.661192722685557,0.004402875900268555,2.0,43
TMLE (weighted),2.3942217895772684,2.096612633041119,2.6918309461134178,0.004302978515625,2.0,43
C-TMLE (greedy),2.1541389137218805,1.9931840391377122,2.315093788306049,90.82080698013306,2.0,43
C-TMLE (adaptive correlation),2.125255824746119,2.004212780432063,2.2462988690601753,8.585052013397217,2.0,43
Oracle TMLE,2.161739685472057,2.0395293170630056,2.283950053881109,0.003882884979248047,2.0,43
Naive difference in means,2.8642678431138173,2.5362187586761435,3.192316927551491,0.0,2.0,44
One-step (AIPW),1.9877422985736013,1.7456335879712035,2.229851009175999,0.00386810302734375,2.0,44
TMLE (unweighted),2.1422640627198586,1.8838213864509585,2.4007067389887586,0.0044820308685302734,2.0,44
TMLE (weighted),1.9889299615702016,1.74748294797554,2.230376975164863,0.004255056381225586,2.0,44
C-TMLE (greedy),1.9623957606618283,1.7228138117836134,2.201977709540043,102.20071506500244,2.0,44
C-TMLE (adaptive correlation),1.9516678179879305,1.8201077138852046,2.0832279220906567,8.660104036331177,2.0,44
Oracle TMLE,2.0091934684438537,1.8798553960716569,2.1385315408160506,0.004228115081787109,2.0,44
Naive difference in means,2.7427898362046377,2.4158854070498874,3.069694265359388,0.0,2.0,45
One-step (AIPW),2.046776039773488,1.8454360922239386,2.2481159873230374,19.364486932754517,2.0,45
TMLE (unweighted),6.13253467904781,0.529387457161473,11.735681900934146,2.8774361610412598,2.0,45
TMLE (weighted),2.0535278433548005,1.8531847635690204,2.253870923140581,0.02542901039123535,2.0,45
C-TMLE (greedy),1.9982427983015887,1.8744474835569365,2.122038113046241,91.79235410690308,2.0,45
C-TMLE (adaptive correlation),1.998402167796198,1.8739125489724275,2.122891786619969,17.27293300628662,2.0,45
Oracle TMLE,2.0586208606933627,1.9310324528054463,2.1862092685812793,4.706618070602417,2.0,45
Naive difference in means,2.625881304037365,2.297006917366034,2.9547556907086965,0.0,2.0,46
One-step (AIPW),2.0135399680233927,1.8258702139473169,2.2012097220994686,0.004426002502441406,2.0,46
TMLE (unweighted),1.6863186201792593,1.2964474438920488,2.0761897964664695,0.0050890445709228516,2.0,46
TMLE (weighted),2.01196104663208,1.8262270847310729,2.1976950085330866,0.004961967468261719,2.0,46
C-TMLE (greedy),2.02593379816885,1.8551352658374005,2.196732330500299,135.3170211315155,2.0,46
C-TMLE (adaptive correlation),2.0696949440908265,1.9464708630069998,2.1929190251746533,11.75550103187561,2.0,46
Oracle TMLE,2.01392868904916,1.8871181499821437,2.140739228116176,0.1476740837097168,2.0,46
Naive difference in means,2.7393706728310616,2.4101608963574552,3.068580449304668,0.0,2.0,47
One-step (AIPW),2.6419188244579646,1.6982665121854743,3.585571136730455,0.0038518905639648438,2.0,47
TMLE (unweighted),2.4257173540969945,1.8566383832879083,2.9947963249060807,0.004609107971191406,2.0,47
TMLE (weighted),2.4764471115285303,1.8945526283367062,3.0583415947203543,0.004403114318847656,2.0,47
C-TMLE (greedy),2.043416038961246,1.8708945176257301,2.2159375602967617,113.22507691383362,2.0,47
C-TMLE (adaptive correlation),2.0624765110357184,1.9260323708119724,2.1989206512594643,5.443371057510376,2.0,47
Oracle TMLE,2.0871577031311146,1.9586360321578,2.2156793741044294,0.005129098892211914,2.0,47
Naive difference in means,2.704668751015532,2.381981796708241,3.027355705322823,0.0,2.0,48
One-step (AIPW),2.2701180915744645,1.5318869546171923,3.0083492285317366,19.146250009536743,2.0,48
TMLE (unweighted),2.0215622864276543,1.1893349407387688,2.85378963211654,3.0957579612731934,2.0,48
TMLE (weighted),2.2005482681101505,1.4893288164385194,2.9117677197817815,0.02624201774597168,2.0,48
C-TMLE (greedy),2.0600696366064484,1.5323392389783101,2.5878000342345864,393.11283707618713,2.0,48
C-TMLE (adaptive correlation),2.113371322552143,1.6450732253884466,2.5816694197158396,20.537250995635986,2.0,48
Oracle TMLE,2.044008971874227,1.9175752641432413,2.170442679605213,0.004487037658691406,2.0,48
Naive difference in means,2.7858979016016328,2.4581448337125686,3.113650969490697,0.0,2.0,49
One-step (AIPW),2.0576518519619444,1.8731126810661123,2.2421910228577766,0.0035958290100097656,2.0,49
TMLE (unweighted),2.351999220475053,2.0937830185872963,2.61021542236281,0.0047168731689453125,2.0,49
TMLE (weighted),2.06096599426748,1.8772126359871932,2.2447193525477664,0.004380941390991211,2.0,49
C-TMLE (greedy),2.06096599426748,1.8772126359871932,2.2447193525477664,71.10227704048157,2.0,49
C-TMLE (adaptive correlation),2.022928814438833,1.869502588746974,2.176355040130692,11.854413986206055,2.0,49
Oracle TMLE,2.018092551957962,1.892156608101295,2.1440284958146294,0.004118919372558594,2.0,49
Naive difference in means,2.9034033782523565,2.5827029384915403,3.2241038180131727,0.0,2.0,50
One-step (AIPW),2.1014169218470107,1.854250123961056,2.3485837197329653,0.004356861114501953,2.0,50
TMLE (unweighted),2.05502801121023,1.8074517394995406,2.3026042829209197,0.00480198860168457,2.0,50
TMLE (weighted),2.101414924974375,1.8543300459332954,2.3484998040154546,0.0044782161712646484,2.0,50
C-TMLE (greedy),2.0712462576121107,1.927017628557892,2.215474886666329,55.02762293815613,2.0,50
C-TMLE (adaptive correlation),2.0793348941235665,1.9285678070187935,2.23010198122834,11.927949905395508,2.0,50
Oracle TMLE,2.046386994674981,1.9166278861758859,2.176146103174076,0.004084110260009766,2.0,50
Naive difference in means,2.715590794418425,2.3911007981852928,3.0400807906515572,0.0,2.0,51
One-step (AIPW),1.797181063702803,1.474803991346972,2.119558136058634,19.388847827911377,2.0,51
TMLE (unweighted),1.3165833418085902,0.9053005499372618,1.7278661336799184,3.139570951461792,2.0,51
TMLE (weighted),1.7958581302941832,1.4755129599685932,2.116203300619773,0.02991008758544922,2.0,51
C-TMLE (greedy),1.8656890615645993,1.731621707580826,1.9997564155483727,171.30590796470642,2.0,51
C-TMLE (adaptive correlation),1.874843405297362,1.7388166177623836,2.0108701928323405,35.1201171875,2.0,51
Oracle TMLE,1.9790870932589992,1.8529072707048142,2.1052669158131843,0.004614114761352539,2.0,51
Naive difference in means,2.5632624234830343,2.240562319500964,2.8859625274651046,0.0,2.0,52
One-step (AIPW),1.7091428706104976,0.7145449609845452,2.70374078023645,0.0035898685455322266,2.0,52
TMLE (unweighted),1.391391725490143,0.7411346799990535,2.041648770981232,0.0053179264068603516,2.0,52
TMLE (weighted),1.7500072020065371,0.8338894786307195,2.6661249253823547,0.13505101203918457,2.0,52
C-TMLE (greedy),2.125565941250016,1.9314135444901006,2.3197183380099315,167.66404390335083,2.0,52
C-TMLE (adaptive correlation),2.0967101176674006,1.9399117571410611,2.25350847819374,28.088200092315674,2.0,52
Oracle TMLE,1.9954516574489185,1.8687186961231395,2.1221846187746976,0.0043489933013916016,2.0,52
Naive difference in means,2.312836064514998,2.0011166910222036,2.6245554380077927,0.0,2.0,53
One-step (AIPW),1.9904503568019218,1.6350815594885884,2.3458191541152553,0.0032520294189453125,2.0,53
TMLE (unweighted),2.2527817082975243,1.8544091594415564,2.6511542571534923,0.0049288272857666016,2.0,53
TMLE (weighted),1.9909015898895177,1.6345021842038274,2.3473009955752078,0.03082585334777832,2.0,53
C-TMLE (greedy),1.9339581716549359,1.5535147463529977,2.314401596956874,101.88367295265198,2.0,53
C-TMLE (adaptive correlation),1.9566586183910186,1.832795610065505,2.0805216267165325,5.197612047195435,2.0,53
Oracle TMLE,1.9704546769048334,1.8463828205955306,2.094526533214136,0.004280805587768555,2.0,53
Naive difference in means,2.5803656689466212,2.2580337781239215,2.902697559769321,0.0,2.0,54
One-step (AIPW),2.0211081148924612,1.830398496689807,2.2118177330951156,0.0029180049896240234,2.0,54
TMLE (unweighted),1.3530677638159578,0.9984654189041589,1.7076701087277568,0.00429987907409668,2.0,54
TMLE (weighted),2.016681182070307,1.8267863991599054,2.2065759649807086,0.004272937774658203,2.0,54
C-TMLE (greedy),2.053892938717305,1.9174035060813988,2.1903823713532113,44.32222819328308,2.0,54
C-TMLE (adaptive correlation),2.0730202717523234,1.9378431638349387,2.208197379669708,12.710890054702759,2.0,54
Oracle TMLE,2.0977394981822446,1.973319328972828,2.2221596673916615,0.004620075225830078,2.0,54
Naive difference in means,2.695167132312793,2.362152708931662,3.0281815556939238,0.0,2.0,55
One-step (AIPW),2.1212857256518647,1.870559692204812,2.3720117590989176,17.395267009735107,2.0,55
TMLE (unweighted),2.9721019642628037,2.678462424843221,3.2657415036823862,3.139564037322998,2.0,55
TMLE (weighted),2.1326844363230486,1.8929351316618732,2.372433740984224,0.02967214584350586,2.0,55
C-TMLE (greedy),1.9659681736835577,1.8455235808825532,2.086412766484562,98.92437601089478,2.0,55
C-TMLE (adaptive correlation),1.9659681736835577,1.8455235808825532,2.086412766484562,12.182618856430054,2.0,55
Oracle TMLE,1.9518926007671409,1.8307910403914203,2.0729941611428613,5.263061046600342,2.0,55
Naive difference in means,2.6415411947220977,2.3279337134373184,2.955148676006877,0.0,2.0,56
One-step (AIPW),2.2468559136620367,1.8402835981532453,2.653428229170828,0.003911018371582031,2.0,56
TMLE (unweighted),2.6667287996774083,2.0890110003858986,3.244446598968918,0.0335080623626709,2.0,56
TMLE (weighted),2.248389412362138,1.857687862189469,2.6390909625348073,0.0051038265228271484,2.0,56
C-TMLE (greedy),2.103077858186972,1.9229085006483067,2.283247215725637,131.72865796089172,2.0,56
C-TMLE (adaptive correlation),2.145371710190979,2.0228367502922375,2.26790667008972,21.387959003448486,2.0,56
Oracle TMLE,2.079212701010403,1.9544128261616405,2.2040125758591658,0.00415492057800293,2.0,56
Naive difference in means,2.8341853891080566,2.5084052710267755,3.1599655071893378,0.0,2.0,57
One-step (AIPW),2.0220990513911246,1.8304817030323044,2.213716399749945,0.002959012985229492,2.0,57
TMLE (unweighted),2.5162484673336203,2.1231270040198478,2.909369930647393,0.004356861114501953,2.0,57
TMLE (weighted),2.0257106545257315,1.833524326739495,2.2178969823119683,0.0043561458587646484,2.0,57
C-TMLE (greedy),1.9964292419558152,1.859771550516985,2.1330869333946456,99.35054802894592,2.0,57
C-TMLE (adaptive correlation),1.990394840257578,1.8372100308417243,2.1435796496734314,22.86019277572632,2.0,57
Oracle TMLE,2.0866486963251787,1.956779492819537,2.21651789983082,0.004644155502319336,2.0,57
Naive difference in means,2.7525562140155437,2.4241691525813778,3.0809432754497097,0.0,2.0,58
One-step (AIPW),1.737347318368393,1.3697091085247561,2.1049855282120298,17.39516305923462,2.0,58
TMLE (unweighted),-0.5997931048860281,-3.197825450353543,1.9982392405814864,3.1395480632781982,2.0,58
TMLE (weighted),1.7378691030053923,1.3946803475457479,2.0810578584650368,0.029865026473999023,2.0,58
C-TMLE (greedy),1.8593893641548407,1.7130402437507743,2.0057384845589072,223.9433319568634,2.0,58
C-TMLE (adaptive correlation),1.8577371383610652,1.659032735755155,2.056441540966975,39.89922595024109,2.0,58
Oracle TMLE,2.0046037885352392,1.8722645151401134,2.1369430619303653,0.005117893218994141,2.0,58
Naive difference in means,2.5385056136762283,2.2096275379824775,2.867383689369979,0.0,2.0,59
One-step (AIPW),1.9644294790735433,1.784348220954901,2.1445107371921854,0.0038831233978271484,2.0,59
TMLE (unweighted),1.5584680440449157,1.343926099113685,1.7730099889761464,0.005584001541137695,2.0,59
TMLE (weighted),1.9606820063377512,1.7804036762604654,2.140960336415037,0.005497932434082031,2.0,59
C-TMLE (greedy),2.008401519944874,1.882289790423944,2.134513249465804,152.44520616531372,2.0,59
C-TMLE (adaptive correlation),1.9750025425522717,1.822628654561321,2.1273764305432223,13.424216032028198,2.0,59
Oracle TMLE,2.030975760270278,1.9026854039782575,2.1592661165622986,0.0046160221099853516,2.0,59
Naive difference in means,2.4422109989025786,2.1247463579156527,2.7596756398895046,0.0,2.0,60
One-step (AIPW),2.19243749626699,1.9688131438090726,2.4160618487249077,0.0034101009368896484,2.0,60
TMLE (unweighted),2.5016337095242385,2.231793129331362,2.7714742897171147,0.005012989044189453,2.0,60
TMLE (weighted),2.196676870962577,1.975546150549217,2.417807591375937,0.0050280094146728516,2.0,60
C-TMLE (greedy),2.104821666637931,1.9763364955181775,2.2333068377576843,156.85209703445435,2.0,60
C-TMLE (adaptive correlation),2.1210864113215417,1.9877787997798821,2.2543940228632016,12.312182903289795,2.0,60
Oracle TMLE,2.0171859898929365,1.8951323411665766,2.1392396386192964,0.004667997360229492,2.0,60
Naive difference in means,2.505102450278487,2.1916104603594406,2.818594440197533,0.0,2.0,61
One-step (AIPW),1.8657680964511316,1.5440846798348997,2.1874515130673635,19.642987966537476,2.0,61
TMLE (unweighted),-1.454611316936413,-2.766301570145387,-0.14292106372743918,2.8851349353790283,2.0,61
TMLE (weighted),1.850957106846102,1.540566535592201,2.161347678100003,0.03000497817993164,2.0,61
C-TMLE (greedy),2.037272009168454,1.9049044975953657,2.1696395207415424,224.87730813026428,2.0,61
C-TMLE (adaptive correlation),2.0464190747727646,1.9201293975794007,2.1727087519661286,15.578191995620728,2.0,61
Oracle TMLE,2.0036151043129657,1.8752623234812003,2.1319678851447312,0.00440216064453125,2.0,61
Naive difference in means,2.786753072369169,2.4610683776769187,3.112437767061419,0.0,2.0,62
One-step (AIPW),1.9323473540793212,1.760242487303879,2.104452220854763,0.003340005874633789,2.0,62
TMLE (unweighted),1.978633976553359,1.8048542915245442,2.1524136615821736,0.004868030548095703,2.0,62
TMLE (weighted),1.9326434985939225,1.7607441202783989,2.1045428769094463,0.004806995391845703,2.0,62
C-TMLE (greedy),1.8784953200449472,1.7282468889837372,2.0287437511061572,162.3155860900879,2.0,62
C-TMLE (adaptive correlation),1.923846223839043,1.7873966044554543,2.0602958432226317,21.416154146194458,2.0,62
Oracle TMLE,1.9827740001351808,1.8543449733000557,2.1112030269703057,0.004075050354003906,2.0,62
Naive difference in means,2.5006029891850403,2.1823122652358573,2.8188937131342233,0.0,2.0,63
One-step (AIPW),1.7741569742678798,1.387139763482538,2.1611741850532216,0.0028460025787353516,2.0,63
TMLE (unweighted),-1.973506565145316,-3.8773136050018087,-0.06969952528882328,0.0041048526763916016,2.0,63
TMLE (weighted),1.7577291653290525,1.414074513518913,2.101383817139192,0.004081010818481445,2.0,63
C-TMLE (greedy),2.1572014176007523,2.014527636578721,2.2998751986227837,126.2254810333252,2.0,63
C-TMLE (adaptive correlation),2.1330397749373233,2.0092602840968623,2.2568192657777844,9.508264064788818,2.0,63
Oracle TMLE,2.0244411677991248,1.8972761558089597,2.15160617978929,0.003862142562866211,2.0,63
Naive difference in means,2.5474575604067824,2.2252030357486663,2.8697120850648985,0.0,2.0,64
One-step (AIPW),1.8672257935470695,1.6055143993567453,2.1289371877373937,19.388696908950806,2.0,64
TMLE (unweighted),1.5582646788384014,1.300486152852577,1.8160432048242257,3.139525890350342,2.0,64
TMLE (weighted),1.8634512586674545,1.6049967425749734,2.1219057747599357,0.02954697608947754,2.0,64
C-TMLE (greedy),1.8973510792025785,1.7491435171748795,2.0455586412302775,166.6499421596527,2.0,64
C-TMLE (adaptive correlation),1.9414982069524622,1.8128920472309964,2.0701043666739283,15.959264039993286,2.0,64
Oracle TMLE,1.9269280170135021,1.7950735866438987,2.0587824473831056,0.004801034927368164,2.0,64
Naive difference in means,2.6556345093899396,2.319250014798232,2.9920190039816474,0.0,2.0,65
One-step (AIPW),2.191884084502249,1.9794528043574031,2.404315364647095,0.0034821033477783203,2.0,65
TMLE (unweighted),3.422980008165495,2.401934722209768,4.4440252941212215,0.005217075347900391,2.0,65
TMLE (weighted),2.1968935044479423,1.9847610357677077,2.409025973128177,0.005363941192626953,2.0,65
C-TMLE (greedy),2.0891165884391394,1.9142439203820625,2.2639892564962163,209.45901703834534,2.0,65
C-TMLE (adaptive correlation),2.1226962824569937,2.0006276033090087,2.2447649616049787,9.571767807006836,2.0,65
Oracle TMLE,2.0605420604911013,1.9360529206406705,2.185031200341532,0.004518032073974609,2.0,65
Naive difference in means,2.8408034857504343,2.5189277494785847,3.162679222022284,0.0,2.0,66
One-step (AIPW),1.9875742638788692,1.7241425172836375,2.251006010474101,0.0033271312713623047,2.0,66
TMLE (unweighted),-2.1998397040690465,-6.801558075875886,2.401878667737793,0.004755973815917969,2.0,66
TMLE (weighted),1.9748796454474569,1.7153163053919873,2.2344429855029264,0.0046160221099853516,2.0,66
C-TMLE (greedy),2.0845025410463633,1.9497814906423945,2.219223591450332,37.005126953125,2.0,66
C-TMLE (adaptive correlation),2.141290719063279,2.0044366286815167,2.278144809445041,7.694019079208374,2.0,66
Oracle TMLE,2.097079510072392,1.9718169226018434,2.22234209754294,0.004075050354003906,2.0,66
Naive difference in means,2.835560599190292,2.5099906754676082,3.161130522912976,0.0,2.0,67
One-step (AIPW),1.8088785648037282,1.5617561521711452,2.0560009774363115,19.38883090019226,2.0,67
TMLE (unweighted),1.4985323243176214,1.2156092553869062,1.7814553932483366,3.139586925506592,2.0,67
TMLE (weighted),1.8118507375642408,1.5702690287672927,2.053432446361189,0.02991008758544922,2.0,67
C-TMLE (greedy),1.9429186430743983,1.8037293331067035,2.0821079530420934,294.89663100242615,2.0,67
C-TMLE (adaptive correlation),1.9135133493494783,1.7930615607038827,2.033965137995074,18.401203155517578,2.0,67
Oracle TMLE,2.050734708741189,1.9273759093885956,2.1740935080937827,0.00394892692565918,2.0,67
Naive difference in means,2.5931751821896727,2.2565721125224423,2.929778251856903,0.0,2.0,68
One-step (AIPW),1.9987360499674254,1.7672634307668624,2.2302086691679883,0.002897024154663086,2.0,68
TMLE (unweighted),2.347025468990378,1.949279174773404,2.744771763207352,0.004227876663208008,2.0,68
TMLE (weighted),2.000612987020092,1.7708639219350104,2.230362052105174,0.03988003730773926,2.0,68
C-TMLE (greedy),1.9385138562949777,1.819400981097125,2.0576267314928303,187.08877110481262,2.0,68
C-TMLE (adaptive correlation),1.938693253157725,1.8188957794148395,2.0584907269006107,11.811334133148193,2.0,68
Oracle TMLE,2.061564257858684,1.9406333058627254,2.1824952098546424,0.004323005676269531,2.0,68
Naive difference in means,2.6246654868888344,2.282562647345259,2.9667683264324096,0.0,2.0,69
One-step (AIPW),1.9546263186827693,1.7836003214753982,2.1256523158901404,0.003245115280151367,2.0,69
TMLE (unweighted),2.000306243674236,1.8295591706686987,2.171053316679773,0.004821062088012695,2.0,69
TMLE (weighted),1.9550025886960407,1.7841310192522402,2.1258741581398413,0.004720926284790039,2.0,69
C-TMLE (greedy),1.959501875718524,1.8213024906060702,2.097701260830978,61.92541980743408,2.0,69
C-TMLE (adaptive correlation),1.9597854207329717,1.8190107525984076,2.1005600888675358,20.814512968063354,2.0,69
Oracle TMLE,1.9054180876774942,1.776772416210429,2.0340637591445594,0.004275083541870117,2.0,69
Naive difference in means,2.718167609671643,2.3974331921960683,3.038902027147218,0.0,2.0,70
One-step (AIPW),2.050651888209986,1.877943235448708,2.223360540971264,17.395320177078247,2.0,70
TMLE (unweighted),0.42895990399673445,-0.4651303038948401,1.3230501118883091,3.1395111083984375,2.0,70
TMLE (weighted),2.0409094575855833,1.8697810084376671,2.2120379067334994,0.02991795539855957,2.0,70
C-TMLE (greedy),2.136632197430983,2.014020083522952,2.2592443113390144,152.17549395561218,2.0,70
C-TMLE (adaptive correlation),2.134648299480667,2.0133398577072064,2.2559567412541273,7.5864949226379395,2.0,70
Oracle TMLE,2.08902298315694,1.9638529372257243,2.2141930290881553,0.0053179264068603516,2.0,70
Naive difference in means,2.89403581011743,2.5744837648559242,3.213587855378936,0.0,2.0,71
One-step (AIPW),1.79988748445609,1.5969197405079623,2.0028552284042176,0.0032508373260498047,2.0,71
TMLE (unweighted),1.5571574275859483,1.3269597180883526,1.787355137083544,0.0047609806060791016,2.0,71
TMLE (weighted),1.7990801451618668,1.597880277076814,2.0002800132469196,0.005359172821044922,2.0,71
C-TMLE (greedy),1.7953852420445071,1.6311259231052389,1.9596445609837754,117.98195600509644,2.0,71
C-TMLE (adaptive correlation),1.8451443929365952,1.7202398663777705,1.9700489194954198,12.386135816574097,2.0,71
Oracle TMLE,1.9333005149110694,1.8031075685267033,2.0634934612954354,0.00437617301940918,2.0,71
Naive difference in means,2.7494076978802706,2.4200968351620715,3.0787185605984697,0.0,2.0,72
One-step (AIPW),1.9497034556035595,1.7841084437430306,2.1152984674640884,0.0030031204223632812,2.0,72
TMLE (unweighted),1.7048083404623424,1.4831921871162768,1.926424493808408,0.004439115524291992,2.0,72
TMLE (weighted),1.9475369966925846,1.7820371856306265,2.1130368077545425,0.005096912384033203,2.0,72
C-TMLE (greedy),1.9340823099915836,1.7856477668553263,2.082516853127841,95.34274983406067,2.0,72
C-TMLE (adaptive correlation),1.9720766827962852,1.8489637388310975,2.095189626761473,6.984774112701416,2.0,72
Oracle TMLE,2.0056850325664066,1.8800315027222894,2.131338562410524,0.004745960235595703,2.0,72
Naive difference in means,2.7092291441614913,2.3926515554692003,3.0258067328537823,0.0,2.0,73
One-step (AIPW),1.98405848997372,1.7843980199695773,2.183718959977863,19.388588905334473,2.0,73
TMLE (unweighted),1.7894749761658522,1.5738098299386534,2.005140122393051,3.1396079063415527,2.0,73
TMLE (weighted),1.9824920943609061,1.782939917545875,2.182044271175937,0.0298919677734375,2.0,73
C-TMLE (greedy),2.019150892506573,1.8656931709315485,2.172608614081597,457.0841009616852,2.0,73
C-TMLE (adaptive correlation),2.003458894856392,1.8579825551227147,2.148935234590069,21.952648162841797,2.0,73
Oracle TMLE,2.0288195551603123,1.902470099187372,2.1551690111332524,0.004611015319824219,2.0,73
Naive difference in means,2.8217135336807395,2.4859091514882956,3.1575179158731834,0.0,2.0,74
One-step (AIPW),2.2127474033259205,1.9962904342069068,2.429204372444934,0.003100156784057617,2.0,74
TMLE (unweighted),2.3997187772035633,2.1805533193546576,2.618884235052469,0.004943132400512695,2.0,74
TMLE (weighted),2.2156521903517605,1.9996507873905756,2.4316535933129453,0.005285978317260742,2.0,74
C-TMLE (greedy),2.1839048984957685,2.0554430245290134,2.3123667724625236,70.34614205360413,2.0,74
C-TMLE (adaptive correlation),2.1919674820414285,2.025752442989873,2.358182521092984,15.923635005950928,2.0,74
Oracle TMLE,2.0650922701424097,1.9409209967031322,2.189263543581687,0.004642009735107422,2.0,74
Naive difference in means,2.4924917187559568,2.1788263518096964,2.806157085702217,0.0,2.0,75
One-step (AIPW),2.0098700987887153,1.6280743934282005,2.39166580414923,0.00351715087890625,2.0,75
TMLE (unweighted),1.9634837079126002,1.5876771309257351,2.3392902848994654,0.005274057388305664,2.0,75
TMLE (weighted),2.010482130183661,1.629507550777834,2.3914567095894874,0.005227088928222656,2.0,75
C-TMLE (greedy),2.0325100889777596,1.8933877289865184,2.171632448969001,37.18337297439575,2.0,75
C-TMLE (adaptive correlation),2.010482130183661,1.629507550777834,2.3914567095894874,4.931925058364868,2.0,75
Oracle TMLE,1.9984238845092364,1.8713354668814062,2.1255123021370665,0.003893136978149414,2.0,75
Naive difference in means,2.7999390778028053,2.4748182014832967,3.125059954122314,0.0,2.0,76
One-step (AIPW),2.149750390807313,1.8884664309285963,2.4110343506860294,19.80329394340515,2.0,76
TMLE (unweighted),3.4064600942483603,2.7172572197205147,4.095662968776206,3.1931278705596924,2.0,76
TMLE (weighted),2.159490610470466,1.9023698424896511,2.416611378451281,0.029935836791992188,2.0,76
C-TMLE (greedy),2.0221699418766255,1.9011362153875735,2.143203668365677,232.54918003082275,2.0,76
C-TMLE (adaptive correlation),2.0228584804616996,1.9023313082595816,2.1433856526638175,12.164700031280518,2.0,76
Oracle TMLE,1.985845564937982,1.8620316185928663,2.109659511283098,0.004141092300415039,2.0,76
Naive difference in means,3.0758121038358004,2.7504083387581,3.401215868913501,0.0,2.0,77
One-step (AIPW),2.103804355120866,1.874145209676259,2.3334635005654727,0.002980947494506836,2.0,77
TMLE (unweighted),1.4911751890557496,0.7462781598824485,2.236072218229051,0.004358053207397461,2.0,77
TMLE (weighted),2.1052989486602556,1.8725183713012048,2.3380795260193064,0.00429081916809082,2.0,77
C-TMLE (greedy),2.105298948660256,1.8725183713012052,2.338079526019307,182.5576479434967,2.0,77
C-TMLE (adaptive correlation),2.1452478040687857,2.0173107940731922,2.273184814064379,34.28816890716553,2.0,77
Oracle TMLE,2.0878054137555537,1.9605387988370997,2.2150720286740078,0.0042819976806640625,2.0,77
Naive difference in means,2.5828770868459174,2.248870236268939,2.916883937422896,0.0,2.0,78
One-step (AIPW),2.0126594569689673,1.7529585936200855,2.272360320317849,0.003217935562133789,2.0,78
TMLE (unweighted),2.015919127695925,1.7506427174929313,2.281195537898919,0.004663944244384766,2.0,78
TMLE (weighted),2.0133317342550474,1.7525301186310969,2.274133349878998,0.10720610618591309,2.0,78
C-TMLE (greedy),2.0133317342550474,1.7525301186310964,2.274133349878998,148.06724214553833,2.0,78
C-TMLE (adaptive correlation),2.012907922834318,1.7493385898554186,2.2764772558132176,10.076611042022705,2.0,78
Oracle TMLE,2.037095842521696,1.9076741608813954,2.1665175241619963,0.004455089569091797,2.0,78
Naive difference in means,2.693761226780287,2.3728781577835445,3.014644295777029,0.0,2.0,79
One-step (AIPW),2.0765354883363236,1.7392132850224045,2.413857691650243,0.05147981643676758,2.0,79
TMLE (unweighted),2.847244216746395,2.475351714554664,3.2191367189381257,0.00583195686340332,2.0,79
TMLE (weighted),2.085675356782582,1.7711798982717886,2.400170815293375,0.0048370361328125,2.0,79
C-TMLE (greedy),1.9232463787176273,1.7554149183827326,2.091077839052522,36.77044606208801,2.0,79
C-TMLE (adaptive correlation),1.8602026072207936,1.7401107505992335,1.9802944638423536,4.39173698425293,2.0,79
Oracle TMLE,1.8836948767089512,1.7588033158832865,2.008586437534616,0.0040018558502197266,2.0,79
Naive difference in means,2.7977429848723228,2.4784426088775793,3.1170433608670662,0.0,2.0,80
One-step (AIPW),1.5978704244373436,0.8443061390659433,2.351434709808744,19.803350925445557,2.0,80
TMLE (unweighted),1.5277115507571137,1.155945709717464,1.8994773917967636,3.193150043487549,2.0,80
TMLE (weighted),1.6270728421891945,0.9498807771084393,2.3042649072699497,0.029896020889282227,2.0,80
C-TMLE (greedy),1.8986808965821005,1.7554853629265978,2.041876430237603,203.7413351535797,2.0,80
C-TMLE (adaptive correlation),1.8958591113493761,1.7545728340756703,2.037145388623082,30.758379220962524,2.0,80
Oracle TMLE,2.0176338703679946,1.8857904122169726,2.1494773285190165,0.004292011260986328,2.0,80
Naive difference in means,2.4455955954070143,2.122962059159167,2.7682291316548615,0.0,2.0,81
One-step (AIPW),2.046997295659548,1.659664125125583,2.4343304661935132,0.0029098987579345703,2.0,81
TMLE (unweighted),2.176009812059453,1.669098198163681,2.682921425955225,0.004302978515625,2.0,81
TMLE (weighted),2.029695792812973,1.6464620705521096,2.412929515073836,0.0041849613189697266,2.0,81
C-TMLE (greedy),1.8594861962208906,1.7161132904904763,2.0028591019513047,140.44076800346375,2.0,81
C-TMLE (adaptive correlation),1.8539753406054875,1.7317306166311124,1.9762200645798627,15.052831888198853,2.0,81
Oracle TMLE,1.8771391644956108,1.7513206880847665,2.002957640906455,0.004260063171386719,2.0,81
Naive difference in means,2.4743582452278607,2.1433702607053466,2.805346229750375,0.0,2.0,82
One-step (AIPW),1.7849655271083447,1.5314141460953914,2.0385169081212977,0.003437042236328125,2.0,82
TMLE (unweighted),1.4368061906326266,1.0773438889806104,1.7962684922846428,0.004909992218017578,2.0,82
TMLE (weighted),1.782763983576815,1.5328475228221534,2.0326804443314765,0.18588709831237793,2.0,82
C-TMLE (greedy),1.8749105028160695,1.738596767948899,2.01122423768324,93.93449997901917,2.0,82
C-TMLE (adaptive correlation),1.8593441589188717,1.7363312466170404,1.982357071220703,0.9608399868011475,2.0,82
Oracle TMLE,1.9148370818658822,1.7870696932027903,2.0426044705289743,0.004408836364746094,2.0,82
Naive difference in means,2.6186391247994236,2.2825297380955747,2.9547485115032726,0.0,2.0,83
One-step (AIPW),2.101997010889236,1.782919408236889,2.421074613541583,17.844802141189575,2.0,83
TMLE (unweighted),2.2510919694409584,1.7452148442851416,2.756969094596775,3.193150043487549,2.0,83
TMLE (weighted),2.091764440210505,1.7737117001028588,2.409817180318151,0.030434846878051758,2.0,83
C-TMLE (greedy),1.8674691786359239,1.7030950576172792,2.0318432996545686,388.37325406074524,2.0,83
C-TMLE (adaptive correlation),1.9028000897014088,1.775597338323531,2.0300028410792863,27.173625946044922,2.0,83
Oracle TMLE,1.9526187665799613,1.8209688490164284,2.084268684143494,0.004143953323364258,2.0,83
Naive difference in means,2.7154664209416985,2.3892948397295366,3.0416380021538605,0.0,2.0,84
One-step (AIPW),2.012257442417899,1.7416939406940295,2.282820944141769,0.003034830093383789,2.0,84
TMLE (unweighted),2.354236361357823,2.0746043238538645,2.6338683988617815,0.09642386436462402,2.0,84
TMLE (weighted),2.013473340528157,1.7529562312523805,2.2739904498039336,0.005795001983642578,2.0,84
C-TMLE (greedy),1.8451744288627547,1.7131875806664243,1.9771612770590852,83.07896590232849,2.0,84
C-TMLE (adaptive correlation),1.8725692500982714,1.7503268841996495,1.9948116159968932,8.709158897399902,2.0,84
Oracle TMLE,1.9133081118853137,1.7851219984523647,2.0414942253182624,0.004511117935180664,2.0,84
Naive difference in means,2.6257882986228407,2.3069936398469237,2.9445829573987576,0.0,2.0,85
One-step (AIPW),1.8321061544333714,1.5779643310745473,2.086247977792196,0.003387928009033203,2.0,85
TMLE (unweighted),1.2990117740246918,0.7911720410964843,1.8068515069528992,0.005012035369873047,2.0,85
TMLE (weighted),1.830431892585279,1.5766428951550109,2.0842208900155472,0.004954814910888672,2.0,85
C-TMLE (greedy),1.886479521831192,1.7528786036285318,2.020080440033852,155.2577919960022,2.0,85
C-TMLE (adaptive correlation),1.844375159477478,1.6644411665106336,2.0243091524443226,6.806666135787964,2.0,85
Oracle TMLE,1.9428840395516056,1.8198150627654741,2.065953016337737,0.004450082778930664,2.0,85
Naive difference in means,2.7883429548815704,2.466322310045752,3.1103635997173886,0.0,2.0,86
One-step (AIPW),2.039831321783214,1.8645392956725197,2.2151233478939076,17.845897912979126,2.0,86
TMLE (unweighted),1.8853130041458757,1.7024888869351782,2.068137121356573,3.1931262016296387,2.0,86
TMLE (weighted),2.037475755199171,1.8635111838654093,2.2114403265329328,0.03045487403869629,2.0,86
C-TMLE (greedy),2.1090428649133934,1.9715230153347219,2.246562714492065,169.31371402740479,2.0,86
C-TMLE (adaptive correlation),2.1280165716343316,1.9611796765951843,2.294853466673479,21.21748995780945,2.0,86
Oracle TMLE,2.1021486939141565,1.971277428275991,2.2330199595523217,0.004564046859741211,2.0,86
Naive difference in means,2.5962284106302107,2.26677618346753,2.9256806377928912,0.0,2.0,87
One-step (AIPW),2.089847328990265,1.8626630438815173,2.3170316140990126,0.003542184829711914,2.0,87
TMLE (unweighted),6.1894430214800495,3.8756730545920295,8.50321298836807,0.005073070526123047,2.0,87
TMLE (weighted),2.097070044603513,1.8771479486166907,2.316992140590335,0.005052089691162109,2.0,87
C-TMLE (greedy),2.0021477893176263,1.8299302271432107,2.174365351492042,187.41463685035706,2.0,87
C-TMLE (adaptive correlation),1.943498244048316,1.811459440579076,2.075537047517556,22.62387704849243,2.0,87
Oracle TMLE,2.0230021563769154,1.8999257244985521,2.1460785882552784,0.004539012908935547,2.0,87
Naive difference in means,2.9664252891993868,2.63611022416515,3.2967403542336235,0.0,2.0,88
One-step (AIPW),1.9450739331870297,1.6643485097552717,2.2257993566187877,0.0034580230712890625,2.0,88
TMLE (unweighted),1.6000749857257481,1.103649574515162,2.0965003969363343,0.0051250457763671875,2.0,88
TMLE (weighted),1.9450660516500817,1.665352957149956,2.2247791461502078,0.005048990249633789,2.0,88
C-TMLE (greedy),1.9811386273788052,1.8617274296813162,2.1005498250762944,171.41860699653625,2.0,88
C-TMLE (adaptive correlation),1.9822047793185993,1.8656787172140743,2.0987308414231243,5.052414178848267,2.0,88
Oracle TMLE,2.037466330174338,1.9151007983428125,2.159831862005863,0.004251003265380859,2.0,88
Naive difference in means,2.6805311458329846,2.3474394894542803,3.013622802211689,0.0,2.0,89
One-step (AIPW),2.135232706577755,1.8748147153434447,2.3956506978120657,18.094234943389893,2.0,89
TMLE (unweighted),3.303529089918067,2.8026145487244913,3.8044436311116425,2.9402620792388916,2.0,89
TMLE (weighted),2.146365675250835,1.8980502636367085,2.3946810868649617,0.03045487403869629,2.0,89
C-TMLE (greedy),1.9886858277094173,1.8419283771930446,2.13544327822579,285.0880699157715,2.0,89
C-TMLE (adaptive correlation),1.9721493132406989,1.7943942269846624,2.149904399496735,43.109007835388184,2.0,89
Oracle TMLE,2.043769468519187,1.9117652221091694,2.175773714929205,0.004683017730712891,2.0,89
Naive difference in means,2.3740719569896616,2.051064066960404,2.697079847018919,0.0,2.0,90
One-step (AIPW),1.9114907748682937,1.7210414190906622,2.101940130645925,0.0034880638122558594,2.0,90
TMLE (unweighted),1.6369373578039286,1.4024416390609982,1.871433076546859,0.005261898040771484,2.0,90
TMLE (weighted),1.9078524953595968,1.7162490144986005,2.099455976220593,0.005277156829833984,2.0,90
C-TMLE (greedy),1.9078524953595966,1.7162490144986002,2.099455976220593,264.9237790107727,2.0,90
C-TMLE (adaptive correlation),1.8899605393757644,1.7024195813604115,2.077501497391117,12.44798994064331,2.0,90
Oracle TMLE,1.914152339600356,1.7904588716759908,2.037845807524721,0.00426483154296875,2.0,90
Naive difference in means,3.112615786005014,2.7861885935491815,3.4390429784608463,0.0,2.0,91
One-step (AIPW),1.9669352160751512,1.7255143363604424,2.20835609578986,0.0029571056365966797,2.0,91
TMLE (unweighted),1.962681572699411,1.721121047169988,2.2042420982288338,0.0043261051177978516,2.0,91
TMLE (weighted),1.9669213508822063,1.7254952370933467,2.208347464671066,0.0044100284576416016,2.0,91
C-TMLE (greedy),2.0124191046373867,1.8235012687689356,2.201336940505838,42.80020594596863,2.0,91
C-TMLE (adaptive correlation),1.9606110130837204,1.8304710065627812,2.0907510196046597,6.972203016281128,2.0,91
Oracle TMLE,1.994892894210672,1.870046420537938,2.119739367883406,0.004832029342651367,2.0,91
Naive difference in means,2.731062871293347,2.4031509529974358,3.058974789589258,0.0,2.0,92
One-step (AIPW),2.029264266632705,1.8589649450783097,2.1995635881871007,19.803457975387573,2.0,92
TMLE (unweighted),2.1749714556516224,1.9969143952766095,2.3530285160266353,3.1931281089782715,2.0,92
TMLE (weighted),2.0315539985984965,1.8630866767330694,2.2000213204639234,0.029902219772338867,2.0,92
C-TMLE (greedy),1.9430914309750416,1.7883539869068046,2.0978288750432785,236.26982402801514,2.0,92
C-TMLE (adaptive correlation),1.9704133481943336,1.8474195160654006,2.0934071803232666,21.187748193740845,2.0,92
Oracle TMLE,1.9824279035771255,1.858951046266343,2.105904760887908,0.003906965255737305,2.0,92
Naive difference in means,2.6929081397887074,2.3709228993185953,3.0148933802588194,0.0,2.0,93
One-step (AIPW),2.0683386980439433,1.8715273064321405,2.265150089655746,0.002966165542602539,2.0,93
TMLE (unweighted),3.618738143390935,2.544530238461861,4.692946048320009,0.004327058792114258,2.0,93
TMLE (weighted),2.074820387879422,1.885491192575608,2.2641495831832357,0.004231929779052734,2.0,93
C-TMLE (greedy),1.8970939404660792,1.7636057156215472,2.030582165310611,201.58021783828735,2.0,93
C-TMLE (adaptive correlation),1.9153179020140674,1.7933048736133452,2.0373309304147895,24.555980920791626,2.0,93
Oracle TMLE,1.9998764522655974,1.8762391001329681,2.1235138043982267,0.0039539337158203125,2.0,93
Naive difference in means,2.7615052102569897,2.4459578420685197,3.0770525784454597,0.0,2.0,94
One-step (AIPW),2.014306363469682,1.7267689203848717,2.301843806554492,0.002931833267211914,2.0,94
TMLE (unweighted),1.9455260956837528,1.6443085523067402,2.2467436390607656,0.00427699089050293,2.0,94
TMLE (weighted),2.013978955474335,1.7260323625741778,2.3019255483744923,0.004140138626098633,2.0,94
C-TMLE (greedy),2.0598669692593967,1.8887473075297603,2.230986630989033,61.44884991645813,2.0,94
C-TMLE (adaptive correlation),2.0452508800735396,1.8935309188667966,2.1969708412802826,8.428577899932861,2.0,94
Oracle TMLE,2.023288618586361,1.8992177483789288,2.1473594887937937,0.003931999206542969,2.0,94
Naive difference in means,2.5794580119966497,2.24885420040575,2.9100618235875495,0.0,2.0,95
One-step (AIPW),1.7564963232602584,1.3511762005570358,2.161816445963481,17.845916986465454,2.0,95
TMLE (unweighted),-1.4004021973936054,-3.0894234315650833,0.2886190367778725,3.1931471824645996,2.0,95
TMLE (weighted),1.7428252458197377,1.3532054917767888,2.132444999862687,0.030423879623413086,2.0,95
C-TMLE (greedy),1.885078385084277,1.7447553494242016,2.0254014207443523,159.51924109458923,2.0,95
C-TMLE (adaptive correlation),1.9181682644640448,1.7923262366366113,2.0440102922914782,20.737082958221436,2.0,95
Oracle TMLE,1.8773175404833586,1.7501248946757977,2.00451018629092,5.676048040390015,2.0,95
Naive difference in means,2.7820122727220418,2.4475688273532783,3.1164557180908052,0.0,2.0,96
One-step (AIPW),1.6471896017642094,1.1218935845630926,2.172485618965326,0.004220008850097656,2.0,96
TMLE (unweighted),0.0012420926194287249,-0.794540013583395,0.7970241988222525,0.004917144775390625,2.0,96
TMLE (weighted),1.6499957771441367,1.1690054428382606,2.130986111450013,0.0046689510345458984,2.0,96
C-TMLE (greedy),1.967675122238893,1.8313999818307425,2.1039502626470434,133.24830389022827,2.0,96
C-TMLE (adaptive correlation),1.98884603819773,1.8453947314005748,2.1322973449948854,34.515021085739136,2.0,96
Oracle TMLE,1.9286212372837375,1.8058587418679588,2.051383732699516,0.004233121871948242,2.0,96
Naive difference in means,2.8581337982625312,2.535933982056056,3.1803336144690064,0.0,2.0,97
One-step (AIPW),2.0606099061298675,1.7760409277848461,2.3451788844748886,0.0031108856201171875,2.0,97
TMLE (unweighted),2.0760352115186,1.7844283263205982,2.367642096716602,0.004540920257568359,2.0,97
TMLE (weighted),2.0606749505065447,1.7755368616865175,2.345813039326572,0.004579782485961914,2.0,97
C-TMLE (greedy),2.0208871230040657,1.882385588557047,2.159388657451084,179.44075679779053,2.0,97
C-TMLE (adaptive correlation),2.052282671500024,1.9268257668556654,2.1777395761443823,19.17751407623291,2.0,97
Oracle TMLE,2.068901608710249,1.9402776400171133,2.1975255774033853,0.004551887512207031,2.0,97
Naive difference in means,2.5060272821239695,2.183120350733679,2.82893421351426,0.0,2.0,98
One-step (AIPW),3.603066741341648,0.6760369225228962,6.5300965601604,19.803457975387573,2.0,98
TMLE (unweighted),2.1434067929971796,1.9384721131521756,2.3483414728421836,3.193127155303955,2.0,98
TMLE (weighted),3.042048921844942,1.4312385977862139,4.65285924590367,0.02991318702697754,2.0,98
C-TMLE (greedy),2.139800555075817,1.987427221359459,2.292173888792175,158.59240818023682,2.0,98
C-TMLE (adaptive correlation),2.1673992368832904,2.019172593536232,2.315625880230349,41.6091411113739,2.0,98
Oracle TMLE,2.011555212364107,1.8901504322149056,2.132959992513309,0.0048828125,2.0,98
Naive difference in means,2.8705720764589078,2.5398078785643157,3.2013362743535,0.0,2.0,99
One-step (AIPW),2.1376989414469985,1.917427136865155,2.3579707460288417,0.0036809444427490234,2.0,99
TMLE (unweighted),3.1380932526314944,2.334531087186037,3.9416554180769516,0.005362987518310547,2.0,99
TMLE (weighted),2.1432147686511884,1.9235259117688948,2.362903625533482,0.00532984733581543,2.0,99
C-TMLE (greedy),2.1432147686511884,1.9235259117688948,2.362903625533482,183.98705291748047,2.0,99
C-TMLE (adaptive correlation),2.1392118696146256,1.9177370216274832,2.360686717601768,27.829237937927246,2.0,99
Oracle TMLE,2.05277260179195,1.9236365905679378,2.1819086130159624,0.004270792007446289,2.0,99
Naive difference in means,2.7186859736450675,2.3960985065178706,3.0412734407722644,0.0,2.0,100
One-step (AIPW),1.9843637033675658,1.75290809312087,2.215819313614262,0.0028510093688964844,2.0,100
TMLE (unweighted),1.7918892003838143,1.557993945686226,2.0257844550814026,0.0043070316314697266,2.0,100
TMLE (weighted),1.9821378796256843,1.7526923595641273,2.211583399687241,0.0042209625244140625,2.0,100
C-TMLE (greedy),2.0735015437682085,1.9335635898805044,2.2134394976559126,97.63708209991455,2.0,100
C-TMLE (adaptive correlation),2.0463869627994957,1.9241605464354843,2.168613379163507,7.2567360401153564,2.0,100
Oracle TMLE,2.0657580741895383,1.9377453989743072,2.1937707494047696,0.004442930221557617,2.0,100
